pmid,title,abstract,journal,year,doi,first_author,n_authors,study_type,pub_types,mesh_terms,fetched_at
42638986,"Physical activity, sedentary behavior, and metabolic-reproductive health in women with PMOS (PCOS): a narrative review of mechanisms, clinical evidence, and individualized intervention strategies.","Polyendocrine Metabolic Ovarian Syndrome (PMOS) is a common endocrine-metabolic disorder in reproductive-aged women, characterized by clinical heterogeneity and an increased susceptibility to insulin resistance, type 2 diabetes mellitus, dyslipidemia, non-alcoholic fatty liver disease, and cardiometabolic risk. Although PMOS is often recognized through reproductive manifestations such as menstrual irregularity, ovulatory dysfunction, hyperandrogenism, and infertility, metabolic dysfunction is closely linked to reproductive outcomes through effects on androgen excess, ovulatory function, oocyte competence, and the intrauterine metabolic environment. Physical activity, structured exercise, and sedentary behavior are modifiable lifestyle factors that may influence both metabolic and reproductive health in PMOS. This narrative review synthesizes current evidence on the associations among physical activity, sedentary behavior, and metabolic complications in women with PMOS. We summarize interconnected mechanisms involving insulin signaling, adipose tissue dysfunction, chronic low-grade inflammation, oxidative stress, mitochondrial function, and gut microbiota in women with PMOS, while distinguishing evidence from observational studies, clinical intervention trials, and mechanistic or preclinical research. We also review clinical evidence on exercise modalities, including aerobic exercise, resistance training, combined training, and high-intensity interval training, as well as emerging strategies to reduce or interrupt prolonged sedentary time. Available evidence supports physical activity and structured exercise as important components of PMOS management, particularly for improving insulin sensitivity, body composition, cardiometabolic risk markers, and, in some studies, menstrual cyclicity and ovulatory function. However, findings vary according to baseline BMI, hyperandrogenic phenotype, intervention type, intensity, duration, adherence, and co-interventions such as diet or pharmacotherapy. Evidence regarding sedentary behavior remains more limited and is largely observational. Therefore, causal interpretations should be made cautiously. Finally, this review discusses individualized, patient-centered intervention strategies and identifies research gaps, including long-term randomized controlled trials, reproductive and cardiometabolic hard outcomes, combined lifestyle-pharmacological approaches, and precision medicine frameworks for women with PMOS.",Frontiers in endocrinology,2026,10.3389/fendo.2026.1797826,Huang X,4,Review,Journal Article; Review,Humans; Female; Polycystic Ovary Syndrome; Sedentary Behavior; Exercise; Reproductive Health; Metabolic Syndrome; Precision Medicine,2026-09-25T01:46:52+00:00
42077456,The impact of daily steps on polycystic ovary syndrome patients.,"OBJECTIVES: As a reproductive-metabolic disorder, lifestyle interventions play a crucial role in managing Polycystic Ovary Syndrome (PCOS) patients. However, maintaining physical activity in PCOS patients is often challenging. Daily steps are now widely used to provide relatively simple physical activity goals for the general public. This study examines the impact of daily steps on patients with PCOS, aiming to develop simple and effective intervention strategies for them. METHODS: This study included anthropometric parameters, metabolic indicators, sex hormones, and daily steps from women aged 16-40 years with PCOS (n=167) and without PCOS (n=152). Participants were divided into obese and non-obese groups based on BMI ≥ 25 kg/m² for intergroup comparisons, comprehensively evaluating the association between daily steps and various indicators. RESULTS: Among PCOS patients, 42.9% were sedentary, while only 8.8% were active or highly active. Indicators significantly correlated with step count in the correlation analysis underwent further multivariate linear regression analysis. RCS analysis further validated the positive linear relationship between HDL and daily step count in PCOS patients (P for non-linear = 0.125). For PCOS patients without obesity, daily step count showed linear relationships with TG (P for non-linear = 0.211), HDL (P for non-linear = 0.255), and VAI (P for non-linear = 0.839). Additionally, daily steps showed linear relationships with body fat percentage (BFP, p=0.033, R 2 = 0.454), android fat percentage (p=0.045, R 2 = 0.413), Android/Gynoid ratio (A/G, p=0.041, R 2 = 0.425), fat mass index (FMI, p=0.007, R 2 = 0.671), and percent trunk fat (PTF, p=0.041, R 2 = 0.427). CONCLUSION: Daily steps exhibits a beneficial association with lipid and body fat metabolism in PCOS patients without obesity, making it a viable indicator for quantifying physical activity that can be incorporated into PCOS patient management.",Frontiers in endocrinology,2026,10.3389/fendo.2026.1744228,Wang T,5,Other,Journal Article,Humans; Female; Polycystic Ovary Syndrome; Adolescent; Young Adult; Adult; Obesity; Exercise; Body Mass Index; Walking,2026-09-25T01:46:52+00:00
41893005,Perceived Risk Perception of Future Cardiovascular Disease and Diabetes in the Postpartum Period.,"Background/Objectives: Risk perception of future disease may play a role in supporting lifestyle change to prevent diabetes mellitus (DM) and cardiovascular disease (CVD). It is unknown how women in the postpartum period with different cardiometabolic conditions perceive their future risk of DM and CVD, and whether this perception influences engagement in a healthy lifestyle. Methods: Cross-sectional study of women who delivered in the past five years (n = 497) living in Australia. Logistic regression analyses examined associations between history of pregnancy (gestational diabetes mellitus (GDM), gestational hypertension (GHP), pre-eclampsia, spontaneous preterm birth (PTB), small-for-gestational-age (SGA) infants), and non-pregnancy (polycystic ovary syndrome (PCOS), infertility) conditions with perceived risk of DM or CVD, and with lifestyle behaviours (physical activity, sedentary behaviour, and diet). Results: Overall, most participants had a low perceived risk of developing future DM (73.4%) and CVD (75.2%), which varied by condition type. History of GDM and GHP were associated with higher DM risk perception (OR 1.83, 95% CI 1.06, 3.15; OR 2.73, 95% CI 1.28, 5.84), whereas history of pre-eclampsia and DM were associated with higher CVD risk perception (OR 4.48, 95% CI 1.88, 10.62; OR 3.78, 95% CI 1.20, 11.88). History of PTB, SGA infant, PCOS, infertility, and lifestyle behaviours were not consistently associated with perceived risk of DM and CVD. Conclusions: Postpartum risk perception of developing future DM and CVD was low, even in the presence of female-specific cardiometabolic conditions. This highlights the need for greater postpartum support to enhance risk awareness and support a healthy lifestyle.",Journal of personalized medicine,2026,10.3390/jpm16030137,Heidarikakolaki A,9,Other,Journal Article,,2026-09-25T01:46:52+00:00
41464286,Exercise Snacks as a Strategy to Interrupt Sedentary Behavior: A Systematic Review of Health Outcomes and Feasibility.,"Background/Objectives: This systematic review aimed to evaluate the effectiveness and feasibility of ""exercise snacks,"" brief, intermittent bouts of physical activity designed to interrupt prolonged sedentary behavior. The review synthesized findings across metabolic, cardiovascular, cognitive, and functional health domains to identify consistent patterns of benefit and determine their practical applicability across populations. Methods: A total of 26 studies met inclusion criteria, encompassing diverse populations such as healthy adults, older adults, and individuals with obesity, type 2 diabetes, or PCOS. Following the PRISMA 2020 guidelines, comprehensive searches were conducted across PubMed, Scopus, Web of Science, and CINAHL databases for studies published between 2012 and 2025. Eligible studies included randomized controlled trials, crossover trials, and feasibility studies assessing health outcomes following exercise snack interventions in adults. Data were extracted using standardized protocols, and methodological quality was evaluated using the Cochrane Risk of Bias 2 tool and Newcastle-Ottawa Scale. Narrative synthesis was prioritized due to intervention heterogeneity. Results: Exercise snacks consistently improved postprandial glucose, insulin, and triglyceride responses, reduced blood pressure, preserved endothelial and cerebral blood flow, and enhanced cardiorespiratory fitness. Older adults demonstrated significant gains in lower-limb strength and mobility. Emerging evidence also indicated improvements in mood, fatigue, and cognitive performance. Feasibility trials confirmed high acceptability and adherence across settings and age groups. Conclusions: Exercise snacking represents a time-efficient, feasible, and evidence-based strategy to mitigate the health risks of sedentary behavior. By incorporating brief, frequent activity bouts into daily routines, individuals can achieve meaningful benefits in metabolic regulation, cardiovascular health, physical function, and cognitive well-being. Future research should refine optimal protocols and explore long-term sustainability across varied populations.","Healthcare (Basel, Switzerland)",2025,10.3390/healthcare13243216,Alexe DI,6,Review,Journal Article; Review,,2026-09-25T01:46:52+00:00
41268610,"Metabolic, androgenic, and physical activity profiles in women aged over 40 years with polycystic ovary syndrome: A comparative analysis using UK Biobank data.","BACKGROUND: Polycystic ovary syndrome (PCOS) is the most common endocrine disorder in reproductive-aged women, linked to metabolic, hormonal, and psychological issues. Management typically involves lifestyle changes, including increased physical activity and reduced sedentary behaviour. OBJECTIVES: To compare the health profiles and behaviours of women with and without PCOS. DESIGN: This study analysed data from the UK Biobank, which is a prospective cohort study. METHODS: Women with PCOS in the UK Biobank were identified, while age- and body mass index (BMI)-matched controls were randomly selected. Data on factors associated with PCOS severity and self-reported lifestyle behaviours were analysed. Group differences were tested for significance, and participants were categorised by health behaviours to assess morbidity risk. RESULTS: The study included 319 women with PCOS (mean age: 43.9 years) and 638 in each control group. Significant differences (p < 0.05) were observed in anthropometric (e.g. body weight, BMI, waist and hip circumference, and body fat), cardio-metabolic (e.g. blood pressure, triglycerides, and glycated haemoglobin), and androgenic (e.g. sex hormone-binding globulin) indices. Differences were most pronounced between PCOS and age-matched controls but remained when BMI was also considered. Women with PCOS engaged in less vigorous physical activity and had higher screen time and sedentary behaviours. Those with the lowest physical activity and highest sedentary time had the worst health profiles and highest morbidity risk, regardless of group. CONCLUSION: Women with PCOS exhibit poorer health despite only slight lifestyle differences. Across all participants, lower physical activity and higher sedentary behaviour were linked to increased health risks. Further research is needed to clarify causal relationships between lifestyle factors and PCOS.","Women's health (London, England)",2025,10.1177/17455057251385800,Kite C,5,Other,Journal Article; Comparative Study,Humans; Female; Polycystic Ovary Syndrome; Adult; Exercise; United Kingdom; Prospective Studies; Middle Aged; Body Mass Index; Sedentary Behavior; Life Style; Androgens; Biological Specimen Banks; Health Behavior; Case-Control Studies; UK Biobank,2026-09-25T01:46:52+00:00
41103501,Metabolic syndrome: risk factors and molecular drug targets.,"Metabolic syndrome (MetS), is a non-communicable disorder caused by impaired management and storage of energy, primarily associated with unhealthy diets, sedentary lifestyles and stress. It is diagnosed when any three of the following conditions are observed, obesity (primary factor), hyperglycemia, low HDL, hypertriglyceridemia, and hypertension (ATP III guidelines). MetS affects approximately 14-34 % of the global population, highlighting significant public health concern. If left untreated, it leads to the development of other serious metabolic diseases like atherosclerosis, diabetes, PCOS, NAFLD, NASH, thyroid, cancer, sleep disturbance, osteoarthritis, anxiety, and depression. Despite ongoing research, no first-line drug currently exists for the comprehensive management of MetS. Its multifactorial nature often requires lifelong polytherapy with lifestyle intervention, raising concern over chronic drug use, drug-drug interactions, increasing morbidity and mortality. Therefore, there is a need highlighting the requirement of a single and targeted pharmacotherapy which offers a safer and more specific therapeutic approach. This review aims to identify and analyse ten key molecular targets in managing the pathogenesis of Metabolic Syndrome (MetS). These targets can further pave the way for a targeted and safer approach in the treatment of MetS. See also the graphical abstract(Fig. 1).",EXCLI journal,2025,10.17179/excli2025-8703,Chalotra R,4,Review,Journal Article; Review,,2026-09-25T01:46:52+00:00
40652333,Self-determined strategies for physical activity motivation among women with polycystic ovary syndrome.,"BACKGROUND: According to clinical practice guidelines for polycystic ovary syndrome, first-line treatment includes performing 150 min of moderate-to-vigorous physical activity on most days of the week plus at least 2 days of resistance training. However, <40% of women with polycystic ovary syndrome engage in regular physical activity, and about 60% are sedentary. Research evidence supports theory-informed physical activity interventions to improve motivation for physical activity. This study examined the fit of a behavioral change theory for women with polycystic ovary syndrome. OBJECTIVES: The purposes of this qualitative study were to analyze physical activity barriers through the lens of self-determination theory and identify motivational strategies that may promote initiation and maintenance of physical activity among women with polycystic ovary syndrome. DESIGN: The study involved a qualitative, descriptive design using theory-driven thematic analysis. METHODS: After emailing a demographic questionnaire and Personal Health Questionnaire-8 to screen for depressive symptoms, participants (n = 7) met three times via Zoom during the summer of 2021. Meetings were audio-recorded, transcribed, and analyzed. RESULTS: Participants were aged 33.9 (±8.1) years, premenopausal, mostly White (71%), educated (100% with at least some college), employed full-time (86%), and married (86%) with a mean depressive symptoms score of 6.4 (±3.4) indicating mild depression. Strategies such as a buddy system, physician support, technology, and behavioral change techniques are necessary to meet the psychological needs of autonomy, competence, and relatedness among women with polycystic ovary syndrome to help increase exercise motivation. CONCLUSION: Findings supported the use of self-determination theory by emphasizing that the social context of polycystic ovary syndrome can undermine physical activity behavior. Thus, physical activity interventions should consider the social context, peer support system, and mental health status of women with polycystic ovary syndrome, and include tailored programs and motivational strategies to help meet the psychological needs of autonomy, competence, and relatedness.","Women's health (London, England)",2025,10.1177/17455057251357061,Wright PJ,5,Other,"Journal Article; Research Support, N.I.H., Extramural",Humans; Female; Polycystic Ovary Syndrome; Motivation; Adult; Exercise; Personal Autonomy; Qualitative Research; Surveys and Questionnaires,2026-09-25T01:46:52+00:00
40535620,Causal relationship between physical activity and common gynecologic conditions: a two-sample Mendelian randomization study.,"OBJECTIVE: While physical activity (PA) patterns are epidemiologically linked to gynecologic pathologies, establishing causality remains uncertain. This Mendelian randomization (MR) study evaluated causal relationships between PA phenotypes and gynecologic disorders. METHODS: Using European-ancestry female genome-wide association study (GWAS) data, we analyzed eight gynecologic disorders and four PA instruments. Primary inverse-variance weighted (IVW) estimates were supplemented by sensitivity analyses (MR-Egger, weighted median, MR-PRESSO) to address pleiotropy and heterogeneity. RESULTS: Our MR revealed subtype-specific effects: walking for pleasure [OR = 0.63, 95% CI: 0.41-0.96], strenuous sports [OR = 0.34, 95% CI: 0.16-0.74], and other exercises [OR = 0.70, 95% CI: 0.49-0.99]) reduced ER+ breast cancer (BC) risk, while leisure screen time increased risk (OR = 1.08, 95% CI: 1.004-1.163). Only other exercises protected against ER- BC (OR = 0.60, 95% CI: 0.38-0.96). Exercise frequency inversely correlated with endometrial cancer (EC) (walking: OR = 0.20; strenuous sports: OR = 0.06; other exercises: OR = 0.41) and endometriosis (ES) (strenuous sports: OR = 0.17; other exercises: OR = 0.26), but was positively associated with sedentary behavior (EC: OR = 1.36). Ovarian cyst (OCS) risk decreased with walking (OR = 0.34) and other exercises (OR = 0.28), yet increased with screen time (OR = 1.23). Paradoxically, walking showed strong positive (OR = 31.48) and strenuous exercise inverse (OR = 0.004) associations with polycystic ovary syndrome (PCOS). No causal links emerged for cervical cancer (CC), ovarian cancer (OC), or uterine fibroids (UF). CONCLUSION: This first MR evidence demonstrates PA's differential causal effects on gynecologic disorders, particularly highlighting exercise modality-specific protection against ER+ BC, EC, and ES. Paradoxical PCOS associations warrant mechanistic investigation. Findings underscore PA as a modifiable preventive factor and advocate for subtype-tailored exercise guidelines in women's health.",American journal of translational research,2025,10.62347/PGYY9493,Fu M,7,Other,Journal Article,,2026-09-25T01:46:52+00:00
40365366,Unveiling Therapeutic Potential of Yoga Mitigating Oxidative Stress and Mitochondrial Dysfunction in PCOS: A Randomized Controlled Trial.,"BACKGROUND: Hormonal imbalance, mitochondrial dysfunctions, and oxidative stress (OS) have been implicated in the pathogenesis of polycystic ovarian syndrome (PCOS) and its associated clinical features. A sedentary lifestyle, exposure to air pollutants, prenatal exposure to endocrine-disrupting chemicals, processed and nutritionally depleted food, rich in trans fats, salts, and sugars, and high BMI specifically in visceral adiposity induce OS. OS damages the mitochondrial DNA, lipids, and proteins that impair mitochondrial function. Sequentially, dysfunctional mitochondria produce more reactive oxygen species that aggravate the OS. Mitochondria is pivotal for ovarian cell functioning for instance steroidogenesis, ovarian follicle development, and energy metabolism. Dysfunctional mitochondria can alter the ovarian follicle functioning leading to ovulatory dysfunction and infertility in PCOS. AIMS AND OBJECTIVES: This study is designed to investigate the effect of 12-week yoga practice on endocrine parameters, OS, and mitochondrial health, comparing outcomes in yoga and non-yoga groups. MATERIAL AND METHODS: A total of 75 participants, 32 PCOS females who completed yoga intervention in the yoga group and 29 in the nonyoga group. Hormonal levels were assessed through an immunoassay, while mitochondrial health markers, such as mtDNA copy number (mtDNA CN), reactive oxygen species, and lipid peroxidation were measured through quantitative polymerase chain reaction (qPCR), chemiluminescence, and ELISA respectively. Gene expression related to mitochondrial integrity, respiratory chain, and inflammation was analyzed via reverse transcription qPCR. Additionally, depression severity was also assessed using beck depression inventory II. RESULT: The Yoga group showed a significant increase in mtDNA-CN and upregulation of transcripts responsible for maintaining mitochondrial integrity and the mitochondrial respiratory chain. In addition, the post-yoga group shows a reduction in, lipid peroxidation, inflammatory, OS markers, and an improvement in telomere length. CONCLUSION: Yoga positively affects hormonal balance, mitochondrial health, OS, and inflammation in women with PCOS. It also alleviates depression symptoms, highlighting yoga as an effective adjunct therapy for managing PCOS. Regular yoga practice could prevent, delay, and help in managing PCOS symptoms.",International journal of yoga,2025,10.4103/ijoy.ijoy_212_24,Kumari D,9,Randomized Controlled Trial,Journal Article,,2026-09-25T01:46:52+00:00
40122638,Physical Activity by Accelerometry is Prospectively Associated With Lower Testosterone and Hirsutism Score Among Adolescent Girls.,"PURPOSE: Physical activity (PA) is recommended for the management of women with polycystic ovary syndrome (PCOS). However, it is not known whether PA modulates the risk of components of PCOS diagnostic criteria during adolescence. METHODS: We included participants from the Avon Longitudinal Study of Parents and Children prospective cohort with objective measurement of PA and sedentary behavior using accelerometry between ages 11 and 15 years, biochemical and clinical measures of hyperandrogenism (serum total testosterone level at 15 years and self-reported hirsutism at 19 years), and self-reported menstrual regularity at 17 years. Two-stage regression models evaluated the association of repeated measures of PA and sedentary behavior with components of PCOS diagnostic criteria. RESULTS: Among 1,526 singleton girls with accelerometer data and testosterone samples, time spent in light PA was inversely associated with total testosterone (ß = -0.070, 95% CI -0.114, -0.025; nmol/L, per 60 minutes) and continuous hirsutism score (ß = -0.756, 95% CI -1.41, -0.103; per 60 minutes). Conversely, time spent sedentary was associated with higher total testosterone level (ß = 0.052, 95% CI 0.013, 0.090; per 60 minutes) and hirsutism score (ß = 0.668, 95% CI 0.103, 1.23; per 60 minutes). Associations were independent of adiposity, but results for hirsutism were attenuated following adjustment for age at menarche and after stratification by hormonal contraceptive use. No associations were observed with menstrual irregularity, for other PA intensity components, or among users of hormonal contraceptives. DISCUSSION: More time spent in light intensity physical activity and less time spent sedentary during early adolescence is associated with lower testosterone concentrations and lower hirsutism scores in late adolescence.",The Journal of adolescent health : official publication of the Society for Adolescent Medicine,2025,10.1016/j.jadohealth.2024.11.015,Peters TM,4,Other,Journal Article,Humans; Female; Adolescent; Testosterone; Accelerometry; Hirsutism; Exercise; Child; Prospective Studies; Sedentary Behavior; Longitudinal Studies; Polycystic Ovary Syndrome,2026-09-25T01:46:52+00:00
39853181,"Prevalence, risk factors and health-seeking behavior of menstrual disorders among women in India: a review of two-decade evidence.","BACKGROUND: Menstrual health is critical for women of reproductive age. It is also evident that menstrual disorders have contributed to the increasing burden of non-communicable diseases. OBJECTIVE: To our knowledge, no literature review explicitly addresses the prevalence, risk factors, and health-seeking behaviour of menstrual disorders in India. Therefore, the current study aims to synthesize the available scientific evidence on the prevalence and risk factors of menstrual disorders in India over the last two decades. METHODS: We followed PRISMA guidelines to conduct the review. We used Google Scholar, PubMed, JSTOR, Scopus, and Sci Direct search engines to find eligible research studies and extracted data from 2000 to 2022. We also conducted quality appraisals of included studies in the review. RESULTS: Results show that the prevalence of any menstrual disorders ranges from 3% to 87%. Among all menstrual disorders, Dysmenorrhea was reported to be high (46% to 76%) among women, followed by premenstrual symptoms (PMS) (40% to 71%), while PCOS (3% to 14.14%) was less. The study further found that irregular lifestyle, obesity, inadequate diet, age at marriage, family history, smoking, and place of residence factors is associated with menstrual disorders in India. As far as health-seeking for menstrual disorders is concerned, one-third of women sought treatment for menstrual disorders. CONCLUSION: The present study has revealed that most women reported high rates of Dysmenorrhea, while Polycystic Ovary Syndrome (PCOS) is less prevalent. The study findings suggest that health-seeking behaviour is the most important factor in reducing menstrual disorders, which has long-term effects of increasing other comorbidities.",Global health action,2024,10.1080/16549716.2024.2433331,Das P,2,Review,"Journal Article; Review; Research Support, Non-U.S. Gov't",Humans; Female; India; Risk Factors; Prevalence; Menstruation Disturbances; Patient Acceptance of Health Care; Adult,2026-09-25T01:46:52+00:00
39554321,Dietary and lifestyle-related factors behind delayed conception in females.,"Delayed conceiving is a failure of a female to attain clinical pregnancy within a year without the use of contraception or any precautionary measure. The females of reproductive age (20-49 years) are the sufferers, that is, about 1.5 million or 10% of couples globally are facing this issue. Delayed conception can be caused by several reasons including diet, lifestyle, and genetic and clinical problems. Deficiencies or overconsumption of any nutrient may also cause delayed conception in females. Dietary deficits such as iron, iodine, zinc, folate, and vitamin D reduce the ovarian reserve. Heavy metals such as copper, manganese, lead, and cadmium also have an impact on fertility. Overconsumption of fast foods and nonhome-made foods increases the likelihood of infertility by 2-3. Smoking, physical activity, age, polycystic ovary syndrome (PCOS), obesity, and depression have all been considered lifestyle and clinical factors. If women have a sedentary lifestyle, too much exercise or obesity both contribute to infertility. In clinical factors, type 1 diabetes, insulin resistance, and hypertension mainly cause infertility. Our focus in this review is on the studies probe that how these variables contributed to delayed conception and how it can be controlled to help combat infertility. Prevention from delayed conception involves consuming a healthy and balanced diet that contains essential nutrients engaging in physical activity and abstaining from smoking, PCOS, and medical issues.",Food science & nutrition,2024,10.1002/fsn3.4274,Rizvi MK,6,Review,Journal Article; Review,,2026-09-25T01:46:52+00:00
39366675,24-hour movement behaviours and cardiometabolic markers in women with polycystic ovary syndrome (PCOS): a compositional data analysis.,"STUDY QUESTION: Are 24-h movement composition and time reallocations between the movement behaviours (moderate-to-vigorous physical activity (MVPA), light physical activity (LPA), sedentary behaviour (SB), and sleep) differentially associated with cardiometabolic markers in women with polycystic ovary syndrome (PCOS) relative to women without PCOS? SUMMARY ANSWER: There was no difference in 24-h movement composition between the groups, although among women without PCOS, reducing SB time while increasing either MVPA or LPA time was associated with beneficial differences in cardiometabolic markers, whereas in women with PCOS beneficial differences were observed only when SB time was replaced with MVPA. WHAT IS KNOWN ALREADY: Women with PCOS display lower levels of physical activity, higher sedentary time, and less total sleep than women without the syndrome. Exercise interventions among women with PCOS have shown improvements in body composition and insulin sensitivity, while the findings regarding blood pressure, insulin resistance, and lipid profiles are contradictory. STUDY DESIGN, SIZE, DURATION: This study was part of a prospective, general population-based Northern Finland Birth Cohort 1966 (NFBC1966) (n = 5889 women). At the 31-year and 46-year follow-up, data collection was performed through postal and clinical examinations, including fasting blood samples and anthropometric measurements. Accelerometer data collection of 14 days (n = 2602 women) and a 2-h oral glucose tolerance test (n = 2780 women) were performed at the 46-year follow-up. Participants were identified as women with or without PCOS at age 31 (n = 1883), and the final study population included those who provided valid accelerometer data at age 46 (n = 857). PARTICIPANTS/MATERIALS, SETTING, METHODS: Women with PCOS (n = 192) were identified based on the 2023 International Evidence-based Guideline, while those who exhibited no PCOS features were considered women without PCOS (controls; n = 665). Accelerometer-measured MVPA, LPA, and SB were combined with self-reported sleep to obtain 24-h compositions. Multivariable regression analysis based on compositional data analysis and isotemporal reallocations were performed to investigate the associations between 24-h movement composition and cardiometabolic markers. Isotemporal reallocations were expressed as differences (%Δ) from the sample's mean. MAIN RESULTS AND THE ROLE OF CHANCE: There was no difference in overall 24-h movement composition between women with PCOS and controls in midlife. The 24-h movement composition was associated with waist circumference, triglycerides, fasting serum insulin, and Homeostatic Model Assessment-insulin resistance (HOMA-IR) in both controls and women with PCOS. Reallocating 15 min from SB to MVPA was associated with favourable differences in cardiometabolic markers in both controls (%Δ range from -1.7 to -4.9) and women with PCOS (%Δ range from -1.9 to -8.6). Reallocating 15 min from SB to LPA was also associated with favourable differences in cardiometabolic markers among controls (%Δ range from -0.5 to -1.6) but not among women with PCOS. LIMITATIONS, REASONS FOR CAUTION: The substitution technique used in this study is theoretical, which can be considered as a limitation. Other limitations of this study are the use of self-reported sleeping time and the difference in the group sample sizes. WIDER IMPLICATIONS OF THE FINDINGS: These findings suggest that women with PCOS should be targeted with interventions involving physical activity of at least moderate intensity to improve their cardiometabolic health and underline the importance of developing tailored activity guidelines for women with PCOS. STUDY FUNDING/COMPETING INTEREST(S): This study was funded by the Jenny and Antti Wihuri Foundation, Sigrid Juselius Foundation, Novo Nordisk (NNF21OC0070372), Research Council of Finland (315921/2018, 321763/2019, 6GESS 336449), Ministry of Education and Culture of Finland (OKM/54/626/2019, OKM/85/626/2019, OKM/1096/626/2020, OKM/20/626/2022, OKM/76/626/2022, and OKM/68/626/2023), and Roche Diagnostics International Ltd. L.J.M. is supported by a Veski Fellowship. M.Nu. has received funding from Fibrobesity-project, a strategic profiling project at the University of Oulu, which is supported by Research Council of Finland (Profi6 336449). NFBC1966 follow-ups received financial support from University of Oulu (Grant no. 65354, 24000692), Oulu University Hospital (Grant no. 2/97, 8/97, 24301140), Ministry of Health and Social Affairs (Grant no. 23/251/97, 160/97, 190/97), National Institute for Health and Welfare, Helsinki (Grant no. 54121), Regional Institute of Occupational Health, Oulu, Finland (Grant no. 50621, 54231), and ERDF European Regional Development Fund (Grant no. 539/2010 A31592). T.T.P. declares consulting fees from Gedeon Richter, Organon, Astellas, Roche; speaker's fees from Gedeon Richter, Exeltis, Roche, Stragen, Merck, Organon; and travel support from Gedeon Richter. The remaining authors declare no conflicts of interest. TRIAL REGISTRATION NUMBER: N/A.","Human reproduction (Oxford, England)",2024,10.1093/humrep/deae232,Pesonen E,11,Other,Journal Article,Humans; Female; Polycystic Ovary Syndrome; Sedentary Behavior; Exercise; Adult; Sleep; Biomarkers; Prospective Studies; Insulin Resistance; Finland; Middle Aged; Accelerometry; Cardiovascular Diseases,2026-09-25T01:46:52+00:00
39154063,Shared genes of polycystic ovary syndrome and sedentary behavior as a novel immune landscape biomarker for endometrial cancer.,"Endometrial cancer (EC) is associated with significant risk factors such as polycystic ovarian syndrome (PCOS) and sedentary behavior. In our study, we aim to employ machine learning algorithms to investigate the potential molecular processes that underlie their interaction and explore their respective roles in the diagnosis and immunotherapy of EC. The GEO database provides access to microarray data, which was utilized in this study to identify gene expression modules associated with PCOS and sedentary behavior, using weighted gene expression network analysis (WGCNA). Cluego software was then employed to investigate the energy enrichment of shared pathways in both PCOS and sedentary individuals, and differential gene analysis was used to confirm another two databases. The miRNAs-mRNAs controlled network was constructed to verify the pathway. The immune-related factors of the shared pathway in EC were then analyzed. Finally, to validate our findings, we conducted cell experiments using EC cell lines (AN3CA, KLE, Ishikawa, RL95-2, and HEC-1A). We found that increased intracellular aromatic compound anabolism is a common feature of both PCOS and sedentary individuals. We then developed a disease pathway model that was based on the common genetic characteristics of PCOS and sedentary behavior. We utilized pathway typing in EC samples and found a significant survival difference between the two subgroups, with the upregulated expression type exhibiting an immune-hot phenotype. Finally, the experimental results confirmed the expression of the hub gene (NAA15) in EC. The findings of our study suggest that genes related to the intracellular aromatic compound metabolic pathway can be used for immunotherapy of EC.",Scientific reports,2024,10.1038/s41598-024-69951-x,Ge Y,7,Other,Journal Article,"Humans; Polycystic Ovary Syndrome; Female; Endometrial Neoplasms; Sedentary Behavior; Biomarkers, Tumor; Gene Regulatory Networks; Gene Expression Regulation, Neoplastic; Cell Line, Tumor; MicroRNAs; Gene Expression Profiling; Machine Learning",2026-09-25T01:46:52+00:00
38646985,Circulating levels of irisin and Meteorin-like protein in PCOS and its correlation with metabolic parameters.,"INTRODUCTION: Research on obesity, which results from excessive food consumption and sedentary lifestyle, has focused on increasing energy expenditure. Recently, muscle tissue is being investigated as an endocrine active organ, secreting molecules called myokines. Multiple studies have been performed to assess myokine levels in various disorders, including polycystic ovary syndrome (PCOS) and metabolic syndrome. Irisin and Meteorin-like protein (Metrnl) are particles which, among others, are suggested to play an important role in adipose tissue browning and improving insulin sensitivity. MATERIAL AND METHODS: The study population consisted of 31 women with PCOS and 18 healthy individuals. PCOS was diagnosed based on revised 2003 Rotterdam criteria. Multiple anthropometrical, hormonal, and biochemical parameters were assessed, including oral glucose tolerance test and body composition with dual energy X-ray absorptiometry. Serum levels of irisin and Metrnl were measured by enzyme-linked immunosorbent assay (ELISA). RESULTS: There were no differences between the PCOS and control groups according to age, body mass index (BMI), waist-to-hip ratio (WHR), fasting glucose, homeostasis model assessment of insulin resistance (HOMA-IR), or body mass composition. Assessment of Metrnl and irisin concentrations revealed no significant differences between PCOS and healthy women. The irisin level was negatively correlated with BMI, body fat mass, fasting glucose, and insulin concentrations. No relationship between Metrnl level and metabolic parameters was found. CONCLUSIONS: Although irisin seems to be a promising biomarker, inconsistent research limits its value in clinical use in the assessment or treatment of obesity. Metrnl level was not affected in the study population, but it might be connected to the severity of metabolic disturbances.",Endokrynologia Polska,2024,10.5603/ep.99111,Paczkowska K,9,Other,Journal Article,Humans; Female; Polycystic Ovary Syndrome; Fibronectins; Adult; Young Adult; Insulin Resistance; Body Mass Index; Adipokines,2026-09-25T01:46:52+00:00
37528155,"Influence of lifestyle factors with the outcome of menstrual disorders among adolescents and young women in West Bengal, India.","Menstruation is a natural phenomenon for every female, starting from adolescents to menopausal age. Any disturbances in menstrual patterns can eventually affect one's physical as well as psychological health which in turn hamper the quality of life of women. Several factors including genetic predisposition as well as lifestyle modifications adversely affect normal menstrual patterns. Hence, this study aims to evaluate the prevalence of menstrual disorders among adolescents and young women as well as the associated risk factors. A cross-sectional random survey was conducted from January 2020 to January 2022 in various schools and colleges. A structured questionnaire was prepared which include anthropometric details, demographic information, and lifestyle patterns. The data were extracted for further statistical analysis. In the overall study population, the prevalence of PCOS, Dysmenorrhea, Menorrhagia, Polymenorrhea, Hypomenorrhea and the irregular menstrual cycle was found at 14.14%, 15.14%, 6.29%, 3.70%, 5.16% and 44.83% respectively. The mean BMI of the study population was 19.949 ± 4.801 kg/m2 and the mean WHr was 0.872 ± 0.101, indicating a moderate to high risk of metabolic disorder among the study population. Increased BMI, short sleep, and sedentary and vigorous physical activity can contribute to the risk of developing menstrual disorders. Unhealthy food habits are a major risk factor for menstrual disorders. Lifestyle modifications like healthy food habits, sleeping patterns, physical activity, etc. can effectively reduce the risk of menstrual disorders and also cut down the severity of more complex health problems. In-depth biochemical and molecular analysis is required to identify specific biomarkers.",Scientific reports,2023,10.1038/s41598-023-35858-2,Dhar S,3,Other,Journal Article,Female; Humans; Adolescent; Quality of Life; Cross-Sectional Studies; Menstruation Disturbances; Dysmenorrhea; Surveys and Questionnaires; Life Style; Prevalence,2026-09-25T01:46:52+00:00
37383339,Incredible Combination of Lifestyle Modification and Herbal Remedies for Polycystic Ovarian Syndrome Management.,"A relatively frequent endocrine-metabolic illness called polycystic ovarian syndrome (PCOS) is characterized by polycystic ovaries, persistent anovulation, and hyperandrogenism, which cause symptoms such as irregular menstruation, infertility, and hirsutism. PCOS is linked to obesity, insulin resistance, and increased amounts of androgens, or male hormones. The sedentary lifestyle, dietary fluctuations, inactivity, and stress are other contributing variables. According to estimates from India in 2021, around 22.5% of women, or one in five Indian women, suffer from PCOS. Evidence-based medical care for PCOS places a strong focus on a multidisciplinary approach, as standard pharmacological treatment frequently targets a single symptom, may be contraindicated, has adverse effects, and is ineffective in certain circumstances. However, long-term treatments have drawbacks and are likely to be ineffective, making complementary and alternative therapies a worthwhile choice. Yoga science is a thorough treatment plan for a healthy body and mind that may eradicate PCOS's primary causes, stress and obesity. Some common herbal remedies, including Foeniculum vulgare, Tinospora cordifolia, Asparagus racemosus, Ocimum tenuiflorum, Areca catechu, and Lepidium meyenii, have been highly regarded sources that have the benefits of lowering PCOS as well as having hypoglycemic and antiobesity effects. In light of existing literature, women with PCOS experienced symptomatic relief, improvement in hormonal balance, and the quality of life by utilizing yoga practices as well as herbal remedies. In conclusion, combining lifestyle modifications with herbal remedies can be used in the management of PCOS as a holistic approach. Therefore, this review opens a new window for researchers all across the world to validate such findings.",Evidence-based complementary and alternative medicine : eCAM,2023,10.1155/2023/3705508,Balkrishna A,8,Review,Journal Article; Review,,2026-09-25T01:46:52+00:00
37299542,"Impact of COVID-19 Restriction on Weight, Physical Activity, Diet and Psychological Distress on People with PCOS.","BACKGROUND: People with polycystic ovary syndrome (PCOS) have higher weight gain and psychological distress compared to those without PCOS. While COVID-19 restrictions led to population level adverse changes in lifestyle, weight gain and psychological distress, their impact on people with PCOS is unclear. The aim of this study was to investigate the impact the 2020 COVID-19 restrictions had on weight, physical activity, diet and psychological distress for Australians with PCOS. METHODS: Australian reproductive-aged women participated in an online survey with assessment of weight, physical activity, diet and psychological distress. Multivariable logistic and linear regression were used to examine associations between PCOS and residential location with health outcomes. RESULTS: On adjusted analysis, those with PCOS gained more weight (2.9%; 95% CI; 0.027-3.020; p = 0.046), were less likely to meet physical activity recommendations (OR 0.50; 95% CI; 0.32-0.79; p = 0.003) and had higher sugar-sweetened beverage intake (OR 1.74; 95% CI 1.10-2.75; p = 0.019) but no differences in psychological distress compared to women without PCOS. CONCLUSIONS: People with PCOS were more adversely affected by COVID-19 restrictions, which may worsen their clinical features and disease burden. Additional health care support may be necessary to assist people with PCOS to meet dietary and physical activity recommendations.",Nutrients,2023,10.3390/nu15112579,McGowan M,8,Other,Journal Article,Humans; Female; Adult; COVID-19; Weight Gain; Exercise; Psychological Distress; Polycystic Ovary Syndrome; Diet; Australia; Cross-Sectional Studies; Surveys and Questionnaires; Sedentary Behavior; Pandemics,2026-09-25T01:46:52+00:00
37109585,Pathophysiological Effects of Contemporary Lifestyle on Evolutionary-Conserved Survival Mechanisms in Polycystic Ovary Syndrome.,"Polycystic ovary syndrome (PCOS) is increasingly being characterized as an evolutionary mismatch disorder that presents with a complex mixture of metabolic and endocrine symptoms. The Evolutionary Model proposes that PCOS arises from a collection of inherited polymorphisms that have been consistently demonstrated in a variety of ethnic groups and races. In utero developmental programming of susceptible genomic variants are thought to predispose the offspring to develop PCOS. Postnatal exposure to lifestyle and environmental risk factors results in epigenetic activation of developmentally programmed genes and disturbance of the hallmarks of health. The resulting pathophysiological changes represent the consequences of poor-quality diet, sedentary behaviour, endocrine disrupting chemicals, stress, circadian disruption, and other lifestyle factors. Emerging evidence suggests that lifestyle-induced gastrointestinal dysbiosis plays a central role in the pathogenesis of PCOS. Lifestyle and environmental exposures initiate changes that result in disturbance of the gastrointestinal microbiome (dysbiosis), immune dysregulation (chronic inflammation), altered metabolism (insulin resistance), endocrine and reproductive imbalance (hyperandrogenism), and central nervous system dysfunction (neuroendocrine and autonomic nervous system). PCOS can be a progressive metabolic condition that leads to obesity, gestational diabetes, type two diabetes, metabolic-associated fatty liver disease, metabolic syndrome, cardiovascular disease, and cancer. This review explores the mechanisms that underpin the evolutionary mismatch between ancient survival pathways and contemporary lifestyle factors involved in the pathogenesis and pathophysiology of PCOS.","Life (Basel, Switzerland)",2023,10.3390/life13041056,Parker J,1,Review,Journal Article; Review,,2026-09-25T01:46:52+00:00
37048550,The Effect of Tailored Short Message Service (SMS) on Physical Activity: Results from a Three-Component Randomized Controlled Lifestyle Intervention in Women with PCOS.,"This analysis of secondary outcome measures of a randomized controlled trial was conducted to study the effect of a one-year three-component (cognitive behavioural therapy, diet, exercise) lifestyle intervention (LSI), with or without additional Short Message Service (SMS) support, on physical activity and aerobic capacity in overweight or obese women with polycystic ovary syndrome (PCOS). Women diagnosed with PCOS and a BMI > 25 kg/m2 were randomly assigned to LSI with SMS support (SMS+, n = 60), LSI without SMS support (SMS-, n = 63) or care as usual (CAU, n = 60) in order to lose weight. Based on results from the International Physical Activity Questionnaire (IPAQ), we found a significant within-group increase after one year for SMS+ in the high physical activity category (+31%, p < 0.01) and sitting behaviour decreased (Δ -871 min/week, p < 0.01). Moreover, the peak cycle ergometer workload increased within SMS+ (Δ +10 watts, p < 0.01). The SMS+ group also demonstrated a significantly different increase in walking metabolic equivalent of task minutes (METmin)/week compared with CAU after one year (Δ 1106 METmin/week, p < 0.05). Apart from this increase in walking activity, no other between-group differences were found in this trial. Overall, based on within-group results, SMS support seemed to help with improving physical activity and aerobic capacity and decreasing sedentary behaviour.",Journal of clinical medicine,2023,10.3390/jcm12072466,Dietz de Loos A,7,Randomized Controlled Trial,Journal Article,,2026-09-25T01:46:52+00:00
36858977,"Childhood obesity: causes, consequences, and prevention.","As a result of the dramatic increase in the prevalence of overweight and obesity among children, childhood obesity is one of the most critical global public health challenges of the 21st century. Weight gain occurs when energy intake exceeds energy expenditure. Both genetic and environmental factors (such as a sedentary lifestyle) are implicated in its pathogenesis. Childhood obesity is associated with physical, psychological, and social consequences. Obese children are at higher risk of elevated fasting blood glucose, insulin resistance, impaired glucose tolerance, type 2 diabetes, hypertension, polycystic ovarian syndrome (PCOS), atherosclerosis and cardiovascular disease (CVD), sleep apnea, and asthma. Psychological and social consequences include low self-esteem, social discomfort and isolation, and depression. Since COVID-19 was declared a global pandemic, millions of children and adolescents worldwide have been affected drastically. While COVID-19 has increased the prevalence of weight gain and childhood obesity, obese children, on the other hand, have suffered excessively from COVID-19. Here, we provide details on the endocrine, metabolic, and epidemiological aspects of childhood obesity with a concise discussion of the relationship between COVID-19 and childhood obesity. The endocrine chapter is focused on childhood obesity pathophysiology and the role of adipocytes and insulin in the mechanism of obesity. The metabolic chapter covered metabolic diseases related to childhood obesity. In contrast, the epidemiological chapter covered the risk factors of childhood obesity and current approaches to the prevention of childhood obesity.",Ceska a Slovenska farmacie : casopis Ceske farmaceuticke spolecnosti a Slovenske farmaceuticke spolecnosti,2023,,Ali AT,3,Other,Journal Article,"Child; Adolescent; Humans; Pediatric Obesity; Diabetes Mellitus, Type 2; COVID-19; Risk Factors; Weight Gain",2026-09-25T01:46:52+00:00
36788488,Association between self-reported sedentary behavior and health-related quality of life among infertile women with polycystic ovary syndrome.,"BACKGROUND: High sedentary behavior and poor health-related quality of life (HRQoL) were common among women with polycystic ovary syndrome (PCOS). However, the association of sedentary behavior with HRQoL among infertile women with PCOS is still unknown. This study aimed to investigate the association of sedentary behavior with HRQoL among them. METHODS: A cross-sectional study was conducted with 283 participants recruited from infertility outpatient clinic. A self-administered, structured questionnaire including the modified PCOS health-related QoL questionnaire (MPCOSQ), the International Physical Activity Questionnaire short form (IPAQ-SF), the Patient Health Questionnaire-9 (PHQ-9), and the Generalized Anxiety Disorder-7 (GAD-7) was used. Anthropometric and laboratory indictors related to PCOS were also collected. Multivariable linear regression analyses were performed to identify the associations. Bonferroni correction was utilized for multiple testing correction. RESULTS: Sedentary behavior was associated with reduced HRQoL among this group. Specifically, over seven hours per day of sedentary behavior was strongly associated with total and several aspects of HRQoL (β ranged from - 0.378 to - 0.141, all P < 0.0063) after adjusting for physical activity, anxiety and depression. In addition, elevated BMI (β = - 0.407, P < 0.001) and anxiety (β ranged from - 0.410 to - 0.245, all P < 0.0063) were associated with poor HRQoL, while physical activity and depression were not. CONCLUSION: Sedentary behavior is an important behavior among infertile women with PCOS as it was associated with poorer HRQoL. Future interventions seeking to improve HRQoL should be considered to reduce sedentary behavior and psychological burden as primary intervention targets.",BMC women's health,2023,10.1186/s12905-023-02222-5,Cao Y,3,Other,"Journal Article; Research Support, Non-U.S. Gov't","Humans; Female; Quality of Life; Polycystic Ovary Syndrome; Infertility, Female; Self Report; Sedentary Behavior; Cross-Sectional Studies",2026-09-25T01:46:52+00:00
35639552,Comparison of dietary and physical activity behaviors in women with and without polycystic ovary syndrome: a systematic review and meta-analysis of 39 471 women.,"BACKGROUND: Lifestyle (dietary and/or physical activity [PA]) modification is recommended as first-line therapy to manage polycystic ovary syndrome (PCOS). Current recommendations are based on healthy lifestyle practices for the general public since evidence for unique lifestyle approaches in PCOS is limited and low quality. OBJECTIVE AND RATIONALE: We aimed to synthesize evidence on dietary and PA behaviors between women with PCOS and those without PCOS. Primary outcomes were overall diet quality, total energy intake and total PA, and secondary outcomes included macronutrients, micronutrients, food groups, foods, glycemic indices, sedentary time and sitting levels. We conducted this work to identify any unique lifestyle behaviors in women with PCOS that could underlie the propensity of weight gain and obesity in PCOS and be targeted for precision nutrition and PA interventions. These findings could be used to inform future practice recommendations and research that more effectively address complications (weight gain, obesity, diabetes, infertility, cardiovascular disease and mental health) in this high-risk population. SEARCH METHODS: Databases of MEDLINE, Web of Science, Scopus and CINAHL were searched until 15 February 2022 to identify observational studies documenting dietary and PA behaviors between women with PCOS and without PCOS (Controls). Studies on children, adolescents (&lt;18 years), pregnant or menopausal-aged women (&gt;50 years) were excluded. Data were pooled by random-effects models and expressed as (standardized) mean differences (MD) and 95% CIs. The risk of bias was assessed by the Newcastle-Ottawa scale (NOS). OUTCOMES: Fifty-four studies (N = 39 471 participants; [n = 8736 PCOS; 30 735 Controls]) were eligible (96%; [52/54] NOS scores ≥ 7). Women with PCOS had higher cholesterol (MD: 12.78, 95% CI: 1.48 to 24.08 mg/day; P = 0.03; I2 = 19%), lower magnesium (MD: -21.46, 95% CI: -41.03 to -1.91 mg/day; P = 0.03; I2 = 76%), and a tendency for lower zinc (MD: -1.08, 95% CI: -2.19 to -0.03 mg/day; P = 0.05; I2 = 96%) intake, despite lower alcohol consumption (MD: -0.95, 95% CI: -1.67 to 0.22 g/day; P = 0.02; I2 = 0%) versus Controls. Also, women with PCOS had lower total PA (standardized mean difference: -0.38, 95% CI: -0.72 to 0.03; P = 0.03; I2 = 98%). Conversely, energy, macronutrients (carbohydrate, fat, protein, fiber), micronutrients (folic acid, iron, calcium, sodium), glycemic index and glycemic load were similar (all: P ≥ 0.06). Most eligible studies reported lower total adherence to healthy eating patterns or poorer consumption of major food groups (grains, fruits, vegetables, proteins, seeds, nuts, dairy) in women with PCOS, as described narratively since variable study methodology did not permit meta-analyses. WIDER IMPLICATIONS: Collective evidence supports that women with PCOS have a lower overall diet quality, poorer dietary intakes (higher cholesterol, lower magnesium and zinc) and lower total PA, despite lower alcohol consumption versus those without PCOS. Considerable heterogeneity among studies reinforces the need for research to address any relative contributions of other factors (e.g. genetic, metabolic or sociodemographic) to the observed differences. These clarifications may contribute to future evidence-based guideline recommendations on monitoring and managing PCOS in the era of precision lifestyle medicine.",Human reproduction update,2022,10.1093/humupd/dmac023,Kazemi M,12,Meta-Analysis,"Meta-Analysis; Systematic Review; Journal Article; Research Support, Non-U.S. Gov't",Adolescent; Child; Female; Humans; Aged; Polycystic Ovary Syndrome; Magnesium; Diet; Obesity; Exercise; Weight Gain; Micronutrients; Zinc; Cholesterol,2026-09-25T01:46:52+00:00
35606099,Supervised Aerobic Exercise Training and Increased Lifestyle Physical Activity to Reduce Cardiovascular Disease Risk for Women With Polycystic Ovary Syndrome: A Randomized Controlled Feasibility Trial.,"BACKGROUND: Polycystic ovary syndrome (PCOS) is a complex, heterogeneous endocrinopathy. Women with PCOS often present with cardiovascular disease risk factors. Physical activity (PA) interventions reduce cardiovascular disease risk factors in women with PCOS. However, sedentary behaviors have a distinct deleterious effect on cardiometabolic health. Increasing PA and reducing sedentary behaviors may be a worthwhile therapeutic target to improve cardiovascular health in this population. This study investigated the feasibility of 2 PA interventions to decrease cardiovascular disease risk in women with PCOS. METHODS: This was a feasibility randomized controlled trial of 2 PA interventions in 36 women with PCOS. Participants were randomized to a supervised exercise intervention (n = 12), a lifestyle physical activity group intervention aimed at reducing sedentary behaviors (n = 12), or a control group (n = 12), for 12 weeks. Primary outcomes included the feasibility and acceptability of the interventions and procedures. RESULTS: Recruitment rate was 56%. Adherence rate was 53% and 100% to the exercise intervention and lifestyle PA intervention, respectively. Secondary outcome data indicate a reduction in oxidized low-density lipoprotein concentrations in the exercise group, and weight loss in both intervention groups. CONCLUSIONS: The procedures for recruitment, allocation, and outcome measurements were acceptable. However, before progression to a full-scale trial, adherence to the exercise program should be addressed.",Journal of physical activity & health,2022,10.1123/jpah.2022-0103,Woodward A,5,Randomized Controlled Trial,"Journal Article; Randomized Controlled Trial; Research Support, Non-U.S. Gov't",Cardiovascular Diseases; Exercise; Feasibility Studies; Female; Humans; Life Style; Polycystic Ovary Syndrome,2026-09-25T01:46:52+00:00
35516692,Effect of integrated approach of yoga and naturopathy on polycystic ovarian syndrome: A case study.,"Owing to stress, sedentary lifestyle and changes in diet pattern, there is an increase in the surge of lifestyle and metabolic disorders. Polycystic ovarian syndrome (PCOS) affects 8-13% of reproductive-aged women. PCOS is characterised by menstrual irregularity, hyperandrogenism and polycystic ovarian morphology (PCOM). The efficacy of yoga as a therapy to tackle the direct and indirect cause of ailment in the management of PCOS is to be documented. This is the case study of a female patient age 25 years, a diagnosed case of PCOS was registered at the Ayurveda, Yoga, Unani,Siddha,Homeopathy (AYUSH), yoga OPD, with complaints of irregular menstruation, treated successfully by Yoga and Naturopathy (Y and N), i.e., yoga, diet and lifestyle modification. This is evident from the reduction in weight, regularisation of the menstrual cycle along with morphological changes in the ovary after a follow-up of 6 months.",Journal of family medicine and primary care,2022,10.4103/jfmpc.jfmpc_651_21,Shrivastava R,4,Case Report,Case Reports; Journal Article,,2026-09-25T01:46:52+00:00
34788426,Weight gain and lifestyle factors in women with and without polycystic ovary syndrome.,"STUDY QUESTION: Do extrinsic factors including lifestyle, psychosocial factors and healthcare professional engagement independently contribute to weight gain in women with and without polycystic ovary syndrome (PCOS)? SUMMARY ANSWER: Women with PCOS had a higher rate of weight gain than women without PCOS which was most marked in those with unhealthy lifestyles. WHAT IS KNOWN ALREADY: Women with PCOS have a higher prevalence of overweight/obesity and greater weight gain than women without PCOS. The association of lifestyle factors with weight change in PCOS is not known. STUDY DESIGN, SIZE, DURATION: The study was a population-based observational study with data collected from seven surveys over 19 years (N = 14 127; Survey 1) involving women with and without PCOS. PARTICIPANTS/MATERIALS, SETTING, METHODS: We used data from the 1973-1978 birth cohort of the Australian Longitudinal Study on Women's Health. MAIN RESULTS AND THE ROLE OF CHANCE: Women with PCOS gained more weight annually (0.26 kg/year; 95% CI 0.12, 0.39; P < 0.0001) and over 19 years (4.62 kg; 95% CI 3.04, 6.21; P < 0.0001) than women without PCOS (adjusted analyses). For all women, there were positive associations between weight gain and energy intake, sitting time and stress; inverse associations with fibre intake and physical activity (PA); and no associations with diet quality, glycaemic index, healthcare utilization, depression or anxiety. There were interactions between lifestyle factors (energy intake P = 0.006, glycaemic index P = 0.025, sitting time P = 0.041 and PA P = 0.021), PCOS status and time such that weight gain varied between women with and without PCOS according to these factors. LIMITATIONS, REASONS FOR CAUTION: The limitations of this study include the use of self-reported measures such as diet, PA, sitting time, psychological factors and health care utilization. WIDER IMPLICATIONS OF THE FINDINGS: While women with PCOS are more prone to weight gain, lifestyle factors have a more profound impact on weight gain in women with PCOS than without PCOS. These study findings have implications for understanding the mechanisms of weight gain in women with PCOS. They also highlight the importance of early lifestyle intervention as soon as PCOS is diagnosed to address modifiable extrinsic factors and prevent excess weight gain and worsening of the clinical features of PCOS. STUDY FUNDING/COMPETING INTEREST(S): M.A.A. is funded by the Monash International Tuition Scholarship and Monash Graduate Scholarship and L.J.M. is funded by a National Heart Foundation Future Leader Fellowship. The authors declared no conflict of interest. TRIAL REGISTRATION NUMBER: N/A.","Human reproduction (Oxford, England)",2021,10.1093/humrep/deab239,Awoke MA,7,Observational Study,"Journal Article; Observational Study; Research Support, Non-U.S. Gov't",Australia; Female; Humans; Life Style; Longitudinal Studies; Polycystic Ovary Syndrome; Weight Gain,2026-09-25T01:46:52+00:00
34448673,"A cross-sectional study on prevalence of menstrual problems, lifestyle, mental health, and PCOS awareness among rural and urban population of Punjab, India.","INTRODUCTION: Menstrual cycle gets affected by various modifiable risk factors. To assess prevalence of various types of menstrual problems, lifestyle and mental health status, identification of variables as predictors for menstrual problems and level of polycystic ovary syndrome (PCOS) awareness among rural and urban population of Punjab, the present study has been carried out. METHODS: The study was conducted from November 2019 to July 2020 in the Malwa region of Punjab, India, with 2673 participants (15-25 years). Epidemiological information was collected using predesigned questionnaire along with depression, anxiety and stress (DASS-21) score mental health assessment tool. MS-Excel (2019) and IBM SPSS 18.0 (SPSS Inc., Chicago, IL) was used for statistical analysis. RESULTS: The overall prevalence of different menstrual problems was 60.61%, with dysmenorrhea (50.64%) being most common problem. Body mass index (BMI), menarche age, physical activity, and mental health status are significant (p < 0.05) predictors of menstrual problem both in rural and urban population. Overall, only 3.30% subjects were aware about PCOS. CONCLUSION: Dysmenorrhea is the most common menstrual problem, both in rural and urban population. BMI, sedentary lifestyle, electronic gadgets usage, and mental health are associated with menstrual problems. Low awareness on PCOS indicates need to create awareness as the condition can be easily managed with early intervention.",Journal of psychosomatic obstetrics and gynaecology,2022,10.1080/0167482X.2021.1965983,Sharma P,4,Observational Study,Journal Article,Cross-Sectional Studies; Dysmenorrhea; Female; Humans; India; Life Style; Menstruation Disturbances; Mental Health; Polycystic Ovary Syndrome; Prevalence; Urban Population,2026-09-25T01:46:52+00:00
34432612,Environmental determinants and PCOS symptoms severity: a cross-sectional study.,"Polycystic Ovary Syndrome is a complicated female disorder worldwide. Researchers conducted a quantitative study to examine multiple environmental determinants contributing to its symptoms severity. Data of 150 PCOS diagnosed women (16 to 45 years) was gathered from private clinics and hospitals of Lahore, Pakistan. Chi-square, spearman's correlation, and linear regression tests were run. Chicken, fast food and spicy food intake were found to be the significant predictors of PCOS severity (F (1, 148) = 6.903, p = 0.01), (F (1, 148) = 11.400, p = 0.001), and (F (1, 148) = 4.525, p = 0.035) respectively. We also found significant relationships of sedentary lifestyle (p = .034) & BMI (p = 0.025) with PCOS symptoms severity. However, relationship of socioeconomic status (SES) was non-significant with the disease severity. These determinants will direct healthcare professionals in proper management and counseling of PCOS women thus improving their life quality.",Health care for women international,2022,10.1080/07399332.2021.1959590,Ashraf S,5,Observational Study,Journal Article,Body Mass Index; Cross-Sectional Studies; Female; Humans; Polycystic Ovary Syndrome; Quality of Life; Sedentary Behavior; Severity of Illness Index,2026-09-25T01:46:52+00:00
34391246,Effect of yoga on polycystic ovarian syndrome: A systematic review.,"Polycystic Ovarian Syndrome (PCOS) is not a disease but a mere syndrome. Many researchers have studied polycystic ovarian syndrome and found that there is no proper cause of that, it may occur due to hormonal imbalance or stress, or due to a sedentary lifestyle. The rate of polycystic ovarian syndrome in Indian women has been increasing rapidly. The symptoms include acne, weight gain, hirsutism, difficulties in fertility, irregular or infrequent periods, immature ovarian eggs that do not ovulate, multiple cysts in the ovary. If left untreated, it may become the cause for heart diseases, diabetes, hypertension, infertility, and even cancer. There are varieties of medical treatments available to treat polycystic ovarian syndrome but they have a temporary effect and if taken for a long time then it may lead to serious side effects. Yoga has proven effects in reducing and managing the symptoms of polycystic ovarian syndrome more effectively along with medicine. This review work has been designed to consider the available literature concerning the effectiveness of yoga in the management of the polycystic ovarian syndrome. It includes some research papers published between 2012 and 2019. By providing yogic treatment effect on several parameters (such as blood lipid level, glucose metabolism, endocrine parameters, quality of life, resting cardiovascular parameters, level of anxiety, depression) on the woman with polycystic ovarian syndrome were measured. After thoroughly studying about 74 research papers, 16 are found most relevant to be reviewed. The studies of these papers concluded the successful use of different yogic limbs for the management of polycystic ovarian syndrome with or without medications.",Journal of bodywork and movement therapies,2021,10.1016/j.jbmt.2021.02.018,Thakur D,4,Systematic Review,Journal Article; Systematic Review,Female; Hirsutism; Humans; Polycystic Ovary Syndrome; Quality of Life; Yoga,2026-09-25T01:46:52+00:00
34176543,Sleep disturbances may influence lifestyle behaviours in women with self-reported polycystic ovary syndrome.,"Polycystic ovary syndrome (PCOS) is associated with a higher prevalence of sleep disturbances and obesity. Treatment of PCOS includes modifying lifestyle behaviours associated with weight management. However, poor sleep in the non-PCOS population has been associated with poorer lifestyle behaviours. The aim was to investigate whether sleep disturbance confounds or modifies the association between lifestyle factors and PCOS. This was a cross-sectional analysis from the Australian Longitudinal Study on Women's Health cohort aged 31-36 years in 2009 were analysed (n 6067, 464 PCOS, 5603 non-PCOS). Self-reported data were collected on PCOS, anthropometry, validated modified version of the Active Australia Physical Activity survey, validated FFQ and sleep disturbances through latent class analysis. Women with PCOS had greater adverse sleep symptoms including severe tiredness (P = 0·001), difficulty sleeping (P < 0·001) and restless sleep (P < 0·001), compared with women without PCOS. Women with PCOS also had higher energy consumption (6911 (sd 2453) v. 6654 (sd 2215) kJ, P = 0·017), fibre intake (19·8 (sd 7·8) v. 18·9 (sd 6·9) g, P = 0·012) and diet quality (dietary guidelines index (DGI)) (88·1 (sd 11·6) v. 86·7 (sd 11·1), P = 0·008), lower glycaemic index (50·2 (sd 4·0) v. 50·7 (sd 3·9), P = 0·021) and increased sedentary behaviour (6·3 (sd 2·8) v. 5·9 (sd 2·8) h, P = 0·009). There was a significant interaction between PCOS and sleep disturbances for DGI (P = 0·035), therefore only for women who had adequate sleep was PCOS associated with a higher DGI. For women with poorer sleep, there was no association between PCOS and DGI. The association between PCOS and improved diet quality may only be maintained if women can obtain enough good quality sleep.",The British journal of nutrition,2022,10.1017/S0007114521002361,Bennett CJ,8,Other,Journal Article,,2026-09-25T01:46:52+00:00
33638879,Exercise training and reproductive outcomes in women with polycystic ovary syndrome: A pilot randomized controlled trial.,"OBJECTIVE: Exercise is recommended for polycystic ovary syndrome (PCOS), but the most effective exercise prescription is unclear. This trial compared effects of high-intensity interval training (HIIT), continuous aerobic exercise training (CAET) and no-exercise control on reproductive, anthropometric and cardiometabolic outcomes in PCOS. DESIGN: Pilot randomized controlled trial. PARTICIPANTS: Previously inactive women aged 18-40 years with PCOS. MEASUREMENTS: Feasibility outcomes included recruitment, retention, adherence to exercise and daily ovulation prediction kit (OPK) testing. Preliminary efficacy outcomes included reproductive, anthropometric and cardiometabolic health markers. RESULTS: Forty-seven women were randomized to no-exercise control (n = 17), HIIT (n = 16), or CAET (n = 14). Forty (85%) participants completed the trial. Median exercise adherence was 68% (IQR 53%, 86%). Median daily OPK-testing adherence in the first half of the intervention was 87% (IQR 61%, 97%) compared with 65% (IQR 0%, 96%) in the second half. Body mass index decreased significantly in CAET compared with control (-1.0 kg/m2 , p = .01) and HIIT (-0.9 kg/m2 , p = .04). Mean waist circumference decreased in all groups (-7.3 cm, -6.9 cm, -4.5 cm in HIIT, CAET and control) with no significant between-group differences. Mean LDL-C was significantly reduced for HIIT compared to CAET (-0.33 mmol/L, p = .03). HDL-C increased in HIIT compared with control (0.18 mmol/L, p = .04). CONCLUSIONS: There were feasibility challenges with adherence to daily ovulation assessment limiting the ability to analyse the effect of the exercise interventions on ovulation. CAET and HIIT were both effective at improving anthropometrics and some cardiometabolic health markers. Further studies need to determine optimal and acceptable exercise prescriptions for this population.",Clinical endocrinology,2021,10.1111/cen.14452,Benham JL,7,Randomized Controlled Trial,"Journal Article; Randomized Controlled Trial; Research Support, Non-U.S. Gov't",Exercise; Exercise Therapy; Female; Humans; Pilot Projects; Polycystic Ovary Syndrome; Sedentary Behavior,2026-09-25T01:46:52+00:00
32925494,Interrupting Prolonged Sitting and Endothelial Function in Polycystic Ovary Syndrome.,"PURPOSE: In healthy adults, the impairment of vascular function associated with prolonged sitting can be mitigated with intermittent brief bouts of activity. It is unknown whether these benefits extend to women with polycystic ovary syndrome (PCOS), in whom vascular function is typically impaired and sitting time is high. We examined the acute effect of regularly interrupting sitting time with brief simple resistance activities (SRA) on vascular function in PCOS. METHODS: In a randomized crossover trial, 13 physically inactive women with PCOS (18-45 yr) completed two 3.5-h conditions: 1) uninterrupted sitting (SIT) and 2) sitting interrupted by 3-min bouts of SRA every 30 min. Femoral artery flow-mediated dilation (FMD), resting shear rate, and resting blood flow were measured at 0, 1, and 3.5 h. RESULTS: Mean resting femoral shear rate, averaged across the 3.5 h, significantly increased in the SRA condition relative to the SIT condition (40.1 ± 6.1 vs 62.8 ± 6.1 s-1, P < 0.0001). In addition, mean resting blood flow also significantly increased across the 3.5 h for SRA relative to SIT (45.0 ± 9.8 vs 72.8 ± 9.9 mL·min-1, P < 0.0001). There were no differences between conditions in the temporal change in femoral artery FMD across 3.5 h (Ptime-condition > 0.05 for all). CONCLUSION: Frequently interrupting sitting with SRA acutely increased resting shear rate and blood flow in women with PCOS but did not alter FMD. With sedentary behavior increasing in prevalence, longer-term studies of similar interventions to reduce and break up sitting time are warranted.",Medicine and science in sports and exercise,2021,10.1249/MSS.0000000000002513,Taylor FC,14,Randomized Controlled Trial,"Journal Article; Randomized Controlled Trial; Research Support, Non-U.S. Gov't","Adult; Cross-Over Studies; Endothelium, Vascular; Female; Femoral Artery; Hemorheology; Humans; Polycystic Ovary Syndrome; Regional Blood Flow; Resistance Training; Sedentary Behavior; Sitting Position; Time Factors; Vasodilation",2026-09-25T01:46:52+00:00
32324293,Physical activity and sedentary behaviour in women with and without polycystic ovary syndrome: An Australian population-based cross-sectional study.,"OBJECTIVE: Lifestyle is the first-line treatment for women with polycystic ovary syndrome (PCOS). This study examines the physical activity (PA) levels and sedentary behaviours of women with and without PCOS, and their alignment with the PCOS PA guideline. METHODS: This cross-sectional study on women (aged 22-27 years) in the Australian Longitudinal Study on Women's Health was conducted in 2019 using data collected in 2017. Self-reported PA levels and total daily sitting time (ST) of women with (n = 7051) and without (n = 796) self-reported PCOS were presented, stratified by body mass index (BMI) and a combined overweight/obese group. RESULTS: 71.0% and 56.7% of the entire study cohort achieved PA levels recommended for weight maintenance and weight loss, respectively. Overall, PA levels were lower and ST was higher in women with than without PCOS. In each BMI category, similar proportions of women with and without PCOS met the PA guidelines but became lower as BMI category increased. Fewer overweight/obese group women with than without PCOS aligned with recommendations for weight maintenance (58.7% vs 65.7%, P = .003) or weight loss (45.1% vs 50.3%, P = .032). ST ≥8 h/d was observed in two-thirds of women with and without self-reported PCOS similarly before and after stratifying by BMI. CONCLUSION: High sedentary behaviour was extremely prevalent. Although the majority of women met PA recommendations for weight maintenance, only one in two overweight/obese women met PA recommendation for weight loss. Overweight/obese women with PCOS were more likely to participate in insufficient PA and require increased support to achieve sustainable healthy lifestyle.",Clinical endocrinology,2020,10.1111/cen.14205,Tay CT,5,Observational Study,"Journal Article; Research Support, Non-U.S. Gov't",Australia; Body Mass Index; Cross-Sectional Studies; Exercise; Female; Humans; Longitudinal Studies; Polycystic Ovary Syndrome; Sedentary Behavior,2026-09-25T01:46:52+00:00
32187268,Polycystic ovary syndrome associated with increased adiposity interferes with serum levels of TNF-alpha and IL-6 differently from leptin and adiponectin.,"Objective The aim of this study was to investigate polycystic ovary syndrome (PCOS) and to explore the relationship between body fat percentage and metabolic markers. Subjects and methods Sedentary women were assigned to PCOS (N = 60) and CONTROL (N = 60) groups. Each group was subdivided into three subgroups according to body fat percentage (22-27%, 27-32% and 32-37%). The protocol consisted of assessments of glucose, insulin, androgens, follicle stimulating hormone (FSH), luteinizing hormone (LH), 17-hydroxyprogesterone (17-OHP), leptin, adiponectin, tumor necrosis factor (TNF-α) and interleukin-6 (IL-6). Results The PCOS subgroups showed higher concentrations of androgens, LH and 17-OHP. Leptin showed direct relationship with increased body fat percentage, whereas adiponectin showed the inverse effect. However, both were unaffected by PCOS. TNF-α and IL-6 were higher in PCOS women and showed a direct relationship with increased body fat percentage. Glucose showed direct relationship with body fat percentage, whereas insulin presented higher values in PCOS women and direct relationship with increased body fat percentage. Conclusions Our findings indicate that PCOS and body fat percentage directly influence concentrations of insulin, TNF-α and IL-6, whereas leptin and adiponectin are influenced only by the increase in body fat percentage in these women. Arch Endocrinol Metab. 2020;64(1):4-10.",Archives of endocrinology and metabolism,2020,10.20945/2359-3997000000197,Cardoso NS,7,Other,Journal Article,17-alpha-Hydroxyprogesterone; Adiponectin; Adipose Tissue; Adolescent; Adult; Androgens; Biomarkers; Body Mass Index; Case-Control Studies; Female; Follicle Stimulating Hormone; Glucose; Humans; Insulin; Insulin Resistance; Interleukin-6; Leptin; Luteinizing Hormone; Metabolic Diseases; Polycystic Ovary Syndrome; Risk Factors; Sedentary Behavior; Tumor Necrosis Factor-alpha; Young Adult,2026-09-25T01:46:52+00:00
31959233,Supervised exercise training and increased physical activity to reduce cardiovascular disease risk in women with polycystic ovary syndrome: study protocol for a randomized controlled feasibility trial.,"BACKGROUND: Polycystic ovary syndrome (PCOS) affects up to 20% of women and is characterised by higher amounts of visceral fat, obesity, insulin resistance, dyslipidemia and reproductive and cardiometabolic complications. Increased oxidised low-density lipoprotein (LDL) concentrations have been associated with an increased risk of cardiovascular disease (CVD)-related events. Oxidised LDL is rarely used as a marker for CVD risk in PCOS-related studies despite its widely accepted role in atherogenesis and the increased risk factors associated with PCOS. Additionally, prolonged periods of sedentary behaviour can negatively affect metabolic health. No studies have specifically examined the effects of reducing sedentary behaviour on CVD risk in PCOS with a lifestyle physical activity intervention. The aim of the current study is to measure the feasibility of a randomised controlled trial (RCT) examining the effects of supervised exercise and reducing sedentary behaviour in women with PCOS on CVD risk. METHODS/DESIGN: A feasibility, exploratory RCT will be conducted. Fifty-one pre-menopausal females will be randomly allocated between an exercise group (EG), a lifestyle physical activity group (LPAG) and a control group. Participants in the EG will undertake a 12-week supervised aerobic exercise programme. The LPAG will aim to increase daily physical activity and reduce sedentary behaviour for 12 weeks. The control group will not take part in any intervention. Primary outcomes are feasibility and acceptability of the intervention and procedures. Secondary outcomes are oxidised LDL, aerobic fitness, blood lipid profile, fasting glucose and insulin, testosterone and inflammatory markers. DISCUSSION: PCOS is associated with various increased risk factors for CVD, including hypertension, dyslipidemia, abdominal obesity, insulin resistance, and inflammation. Whether oxidised LDL has a role in this increased risk is not yet known. The present study aims to measure the feasibility of implementing structured exercise training and/or increased lifestyle physical activity in women with PCOS, so that a subsequent adequately powered RCT can be designed. The results from the study will be used to refine the interventions and determine the acceptability of the study design. A limitation is that some self-monitoring in the lifestyle physical activity group may not be reliable or replicable, for example inputting information about time spent cleaning/gardening. TRIAL REGISTRATION: ClinicalTrials.gov, NCT03678714. Registered 20 September 2018.",Trials,2020,10.1186/s13063-019-3962-7,Woodward A,5,Clinical Trial,Clinical Trial Protocol; Journal Article,"Blood Glucose; C-Reactive Protein; Cardiovascular Diseases; Exercise; Exercise Therapy; Feasibility Studies; Female; Humans; Insulin; Lipoproteins, LDL; Patient Acceptance of Health Care; Polycystic Ovary Syndrome; Risk Reduction Behavior; Sedentary Behavior; Testosterone; Randomized Controlled Trials as Topic",2026-09-25T01:46:52+00:00
30753112,Amino acid and fatty acid metabolomic profile during fasting and hyperinsulinemia in girls with polycystic ovarian syndrome.,"Polycystic ovarian syndrome (PCOS) is associated with insulin resistance (IR) and altered muscle mitochondrial oxidative phosphorylation. IR in adults with obesity and diabetes is associated with changes in amino acid, free fatty acid (FFA), and mitochondrial acylcarnitine (AC) metabolism. We sought to determine whether these metabolites are associated with IR and/or androgens in youth-onset PCOS. We enrolled obese girls with PCOS [ n = 15, 14.5 yr (SD 1.6), %BMI 98.5 (SD 1.0)] and without PCOS [ n = 6, 13.2 yr (SD 1.2), %BMI 98.0 (SD 1.1)]. Insulin sensitivity was assessed by hyperinsulinemic euglycemic clamp. Untargeted metabolomics of plasma was performed while fasting and during hyperinsulinemia. Fasting arginine, glutamine, histidine, lysine, phenylalanine, and tyrosine were higher ( P < 0.04 for all but P < 0.001 for valine), as were glutamine and histidine during hyperinsulinemia ( P < 0.03). Higher valine during hyperinsulinemia was associated with IR ( r = 0.59, P = 0.006). Surprisingly, end-clamp AC C4 was lower in PCOS, and lower C4 was associated with IR ( r = -0.44, P = 0.04). End-clamp FFAs of C14:0, C16:1, and C18:1 were higher in PCOS girls, and C16:1 and C18:1 strongly associated with IR ( r = 0.73 and 0.53, P < 0.01). Free androgen index related negatively to short-, medium-, and long-chain AC ( r = -0.41 to -0.71, P < 0.01) but not FFA or amino acids. Obese girls with PCOS have a distinct metabolic signature during fasting and hyperinsulinemia. As in diabetes, IR related to valine and FFAs, with an unexpected relationship with AC C4, suggesting unique metabolism in obese girls with PCOS.",American journal of physiology. Endocrinology and metabolism,2019,10.1152/ajpendo.00532.2018,Cree-Green M,7,Other,"Journal Article; Research Support, N.I.H., Extramural; Research Support, Non-U.S. Gov't","Absorptiometry, Photon; Adipose Tissue; Adolescent; Amino Acids; Blood Glucose; Body Composition; Calorimetry, Indirect; Carnitine; Case-Control Studies; Child; Estradiol; Fasting; Fatty Acids; Female; Glucose Clamp Technique; Humans; Hyperinsulinism; Insulin Resistance; Liver; Metabolome; Metabolomics; Mitochondria, Muscle; Muscle, Skeletal; Obesity; Polycystic Ovary Syndrome; Sedentary Behavior; Sex Hormone-Binding Globulin; Testosterone",2026-09-25T01:46:52+00:00
29877578,Effects of exercise and dietary habits on the occurrence of polycystic ovary syndrome over 5 years of follow-up.,"OBJECTIVE: To evaluate the effects of recent and previous exercise and dietary habits on the occurrence of polycystic ovary syndrome (PCOS). METHODS: The present study had a population-based case-control phase and a nested case-control phase. Women aged 12-44 years with and without PCOS were surveyed using the Semiquantitative Food Frequency Questionnaire and the International Physical Activity Questionnaire to evaluate the correlation of PCOS with recent (last 7 days) or previous (5 years ago) exercise and dietary habits. RESULTS: No difference in recent physical activity was found between the PCOS and control groups (case-control phase, n=1854). However, patients with PCOS had previously (5 years ago; nested case-control phase, n=1149) spent less time physical active in relation to transportation (P=0.003), housekeeping (P=0.023), walking (P<0.001), and activities of moderate intensity (P=0.008), and had spent more time sitting (P<0.001). Dietary nutrients and energy intake did not differ between the two groups (P>0.05 for all comparisons). CONCLUSIONS: Previous exercise habits were associated with subsequent PCOS whereas a recently acquired exercise routine was not. Women should avoid long-term sedentary lifestyle habits and focus on adding to the duration of, or enhancing the intensity of, physical activity.",International journal of gynaecology and obstetrics: the official organ of the International Federation of Gynaecology and Obstetrics,2018,10.1002/ijgo.12563,Zhang J,6,Other,Journal Article,Adolescent; Adult; Case-Control Studies; Child; Diet; Energy Intake; Exercise; Feeding Behavior; Female; Follow-Up Studies; Humans; Polycystic Ovary Syndrome; Surveys and Questionnaires; Young Adult,2026-09-25T01:46:52+00:00
29368340,Serum irisin concentrations in lean adolescents with polycystic ovary syndrome.,"OBJECTIVE: To explore differences in irisin concentrations between lean adolescents with PCOS and age- and body mass index (BMI)-matched controls and examine the associations of irisin with core features of the syndrome. DESIGN: Cross-sectional study. PATIENTS: Lean females with PCOS, aged 13-21 years. MEASUREMENTS: Physical, hormonal and sonographic assessment. Irisin concentrations were measured with ELISA. RESULTS: Participants included in total 39 sedentary females (mean ± SD; age 17.3 ± 2.1 years, BMI 20.7 ± 1.3 Kg/m2 ), 23 adolescents with PCOS and 16 controls. Adolescents with PCOS compared to controls had significantly elevated concentrations of fasting serum irisin (mean ± SD; PCOS, 1.7 ± 1.0 μg/mL vs controls, 1.0 ± 0.4 μg/mL; P = .007), luteinizing hormone (LH), oestradiol, testosterone, Δ4-androstenedione, 17-hydroxyprogesterone, glucose, as well as free androgen index, Ferriman-Gallwey score and mean ovarian volume (MOV). For the total sample, circulating irisin was positively correlated with MOV (r = .332, P = .041), glucose (r = .428, P = .007), insulin (rs = .369, P = .021) and HOMA-IR (rs = .422, P = .007) and negatively correlated with QUICKI (r = -.329, P = .041). Follicle-stimulating hormone (B = 0.295, Beta = .342, P = .042) and MOV (B = 0.182, Beta = 0.821, P = .001) were positive predictors, and LH (B = -0.108, Beta = -0.523, P = .010) and testosterone (B = -0.431, Beta = -0.457, P = .032) were negative predictors of irisin concentrations, whereas irisin positively predicted fasting glucose (B = 0.262, Beta = 0.428, P = .007). In the PCOS group, irisin concentrations were positively correlated with HOMA-IR (rs = .416, P = .048) but negatively correlated with LH (rs = -.499, P = .015), testosterone (r = -.585, P = .003), free androgen index (r = -.426, P = .048) and Ferriman-Gallwey score (r = -.533, P = .015). CONCLUSIONS: Irisin was associated with the adolescents' metabolic and reproductive characteristics and the hyperandrogenic phenotype of the syndrome. Much research is needed to ascertain mechanisms of elevated serum irisin in adolescent PCOS.",Clinical endocrinology,2018,10.1111/cen.13555,Bacopoulou F,7,Other,Journal Article,Adolescent; Case-Control Studies; Cross-Sectional Studies; Female; Fibronectins; Humans; Polycystic Ovary Syndrome; Sedentary Behavior; Young Adult,2026-09-25T01:46:52+00:00
30254392,Clinical efficacy of Vamana Karma with Ikshwaaku Beeja Yoga followed by Shatapushpadi Ghanavati in the management of Artava Kshaya w. s. r to polycystic ovarian syndrome.,"BACKGROUND: Due to sedentary lifestyle and stress, the incidence of metabolic disorders are increasing day by day. Among these polycystic ovarian syndrome (PCOS) is an intricate disorder affecting 4%-8% women in their reproductive age and related to ovarian dysfunction characterized by obesity, oligomenorrhea, anovulation and hyperandrogenism. In modern system of medicine, the available allopathic regimen has its own limitations, so it is need of time to find a safe and effective alternative therapy for such type of condition. The most common symptom in 85%-90% of PCOS patients is oligomenorrhea which can be correlated to Artava Kshaya (loss of menstrual fluid) in Ayurveda. Hence, in the present clinical study, Vamana Karma (therapeutic vomiting) with Ikshwaaku seed formulation followed by Shatapushpadi Ghanavati was planned. AIMS: To evaluate the efficacy of Vamana Karma (therapeutic vomiting) followed by Shatapushpadi Ghanavati in the management of Aartava Kshaya (loss of menstrual fluid) w. s. r to PCOS. MATERIALS AND METHODS: A total of 15 patients of PCOS were clinically diagnosed and treated by Vamana Karma (therapeutic vomiting) procedure with Ikshwaaku seed formulation. After completion of Vamana Karma (therapeutic vomiting) and Samsarjana Krama, (post therapy dietary regimen for revival) Shatapushpadi Ghanavati 2 Vati (each 500 mg) twice in a day with lukewarm water was given for 45 days. After completion of 2-month trial, assessment of therapy was estimated by subjective and objective parameters. RESULTS: Statistically extremely significant (P < 0.0001) results were found in menstrual irregularities, obesity, and body mass index. The significant result in reduction of nondominant follicles (P = 0.01 and 0.03 for right and left ovary, respectively), lowering the fasting blood sugar level (P = 0.02) and hirsutism (P = 0.03) was found. CONCLUSION: Vamana Karma (therapeutic vomiting) followed by Shatapushpadi Ghanavati is very effective in the management of obese PCOS patients and increasing chances of conception.",Ayu,2017,10.4103/ayu.AYU_192_16,Bhingardive KB,3,Other,Journal Article,,2026-09-25T01:46:52+00:00
27771865,Habitual physical activity is associated with improved anthropometric and androgenic profile in PCOS: a cross-sectional study.,"PURPOSE: To examine the effect of habitual physical activity (PA) on the metabolic and hormonal profiles of women with polycystic ovary syndrome. MATERIALS AND METHODS: Anthropometric, metabolic and hormonal assessment and determination of habitual PA levels with a digital pedometer were evaluated in 84 women with PCOS and 67 age- and body mass index (BMI)-matched controls. PA status was defined according to number of steps (≥7500 steps, active, or <7500 steps, sedentary). RESULTS: BMI was lower in active women from both groups. Active PCOS women presented lower waist circumference (WC) and lipid accumulation product (LAP) values versus sedentary PCOS women. In the control group, active women also had lower WC, lower values for fasting and 120-min insulin, and lower LAP than sedentary controls. In the PCOS group, androgen levels were lower in active versus sedentary women (p = 0.001). In the control group, free androgen index (FAI) was also lower in active versus sedentary women (p = 0.018). Homeostasis model assessment of insulin resistance and 2000 daily step increments were independent predictors of FAI. Each 2000 daily step increment was associated with a decrease of 1.07 in FAI. CONCLUSIONS: Habitual PA was associated with a better anthropometric and androgenic profile in PCOS.",Journal of endocrinological investigation,2017,10.1007/s40618-016-0570-1,Mario FM,3,Observational Study,Journal Article,Adult; Androgens; Anthropometry; Cross-Sectional Studies; Exercise; Female; Humans; Insulin; Insulin Resistance; Middle Aged; Polycystic Ovary Syndrome; Testosterone; Waist Circumference,2026-09-25T01:46:52+00:00
27601016,MANAGEMENT OF ENDOCRINE DISEASE: Morbidity in polycystic ovary syndrome.,"Polycystic ovary syndrome (PCOS) is the most prevalent endocrine condition in premenopausal women. The syndrome is characterized by hyperandrogenism, irregular menses and polycystic ovaries when other etiologies are excluded. Obesity, insulin resistance and low vitamin D levels are present in more than 50% patients with PCOS, these factors along with hyperandrogenism could have adverse effects on long-term health. Hyperinflammation and impaired epithelial function were reported to a larger extent in women with PCOS and could particularly be associated with hyperandrogenism, obesity and insulin resistance. Available data from register-based and data linkage studies support that metabolic-vascular and thyroid diseases, asthma, migraine, depression and cancer are diagnosed more frequently in PCOS, whereas fracture risk is decreased. Drug prescriptions are significantly more common in PCOS than controls within all diagnose categories including antibiotics. The causal relationship between PCOS and autoimmune disease represents an interesting new area of research. PCOS is a lifelong condition and long-term morbidity could be worsened by obesity, sedentary way of life, Western-style diet and smoking, whereas lifestyle intervention including weight loss may partly or fully resolve the symptoms of PCOS and could improve the long-term prognosis. In this review, the possible implications of increased morbidity for the clinical and biochemical evaluation of patients with PCOS at diagnosis and follow-up is further discussed along with possible modifying effects of medical treatment.",European journal of endocrinology,2017,10.1530/EJE-16-0373,Glintborg D,2,Review,Journal Article; Review,Bone Density; Depression; Endocrine System Diseases; Female; Gastrointestinal Diseases; Humans; Neoplasms; Polycystic Ovary Syndrome,2026-09-25T01:46:52+00:00
27238626,Evolutionary determinants of polycystic ovary syndrome: part 1.,"Polycystic ovary syndrome (PCOS) is a common and complex genetic disorder that develops under varying degrees of hyperandrogenemic and hyperinsulinemic conditions that cause phenotypic variability ranging from mild hirsutism to anovulation and infertility. In addition to increased risk of reproductive disability, PCOS is associated with metabolic diseases including type 2 diabetes, dyslipidemia, and cardiovascular disease. Similar prevalence rates and shared genetic susceptibility of PCOS among different populations suggest that genetic risk factors were already present in the ancestors of humans. Contemporary human genetic studies inform us that the origin of human ancestors is from Africa. Sharing common susceptibility loci between Chinese and European ancestry suggests that PCOS may have persisted for more than 50,000 years, before the migration of humans out of Africa. Although PCOS is the most common cause of anovulatory infertility, its high prevalence is still a paradox. From an evolutionary perspective, the pathogenic mechanisms underlying PCOS might be candidate factors for survival advantage of the human being. Former compensatory advantageous factors may become pathogenic mechanisms underlying complex metabolic disease with prolonged life expectancy and transition to sedentary lifestyle.",Fertility and sterility,2016,10.1016/j.fertnstert.2016.05.010,Ünlütürk U,3,Review,Journal Article; Review,"Evolution, Molecular; Female; Genetic Markers; Genetic Predisposition to Disease; Genetic Variation; Genome-Wide Association Study; Humans; Life Style; Phenotype; Polycystic Ovary Syndrome; Racial Groups; Reproduction; Reproductive Health; Risk Factors",2026-09-25T01:46:52+00:00
26551442,Vigorous exercise is associated with superior metabolic profiles in polycystic ovary syndrome independent of total exercise expenditure.,"OBJECTIVE: To characterize metabolic features of women with polycystic ovary syndrome (PCOS) by exercise behavior and determine relative health benefits of different exercise intensities. DESIGN: Cross-sectional study. SETTING: Tertiary academic institution. PATIENT(S): Three hundred and twenty-six women aged 14-52 years-old with PCOS by Rotterdam criteria examined between 2006 and 2013. INTERVENTION(S): International Physical Activity Questionnaire (IPAQ) administered to classify patients into three groups based on Department of Health and Human Services (DHHS) Guidelines of vigorous, moderate, and inactive, along with physical examination and serum testing. MAIN OUTCOME MEASURE(S): Blood pressure, body mass index (BMI), waist circumference, fasting lipids, fasting glucose and insulin, 2-hour 75-gram oral glucose tolerance, homeostatic model assessment of insulin resistance (HOMA-IR). RESULT(S): The DHHS guidelines for adequate physical activity were met by 182 (56%) women. Compared with moderate exercisers and inactive women, the vigorous exercisers had lower BMI and lower HOMA-IR; higher levels of high-density lipoprotein cholesterol and sex hormone-binding globulin; and a reduced prevalence of the metabolic syndrome. In a multivariate logistic regression analysis controlling for age, BMI, and total energy expenditure, every hour of vigorous exercise reduced a patient's odds of metabolic syndrome by 22% (odds ratio 0.78; 95% confidence interval, 0.62, 0.99). CONCLUSION(S): Women with PCOS who met DHHS guidelines for exercise demonstrated superior metabolic health parameters. Vigorous but not moderate activity is associated with reduced odds of the metabolic syndrome, independent of age, BMI, and total energy expenditure. PCOS patients should be encouraged to meet activity guidelines via vigorous physical activity.",Fertility and sterility,2016,10.1016/j.fertnstert.2015.10.020,Greenwood EA,7,Other,Comparative Study; Journal Article,Adolescent; Adult; Biomarkers; Blood Glucose; Blood Pressure; Body Mass Index; Cross-Sectional Studies; Energy Metabolism; Exercise; Female; Glucose Tolerance Test; Humans; Insulin; Insulin Resistance; Lipids; Logistic Models; Metabolic Syndrome; Middle Aged; Multivariate Analysis; Odds Ratio; Polycystic Ovary Syndrome; Prevalence; Protective Factors; Risk Factors; Sedentary Behavior; Surveys and Questionnaires; Tertiary Care Centers; Waist Circumference; Young Adult,2026-09-25T01:46:52+00:00
26426277,Aerobic exercise improves cardiac autonomic modulation in women with polycystic ovary syndrome.,"BACKGROUND: This study aimed to evaluate the effects of aerobic exercise on cardiac autonomic modulation in women with polycystic ovary syndrome (PCOS). METHODS: Thirty women with PCOS (25.8±4.8 years old; body mass index, BMI≥25 kg/m2) were divided into two groups; exercise group (n=15) and control group (n=15). R-R interval was recorded during 15-min at rest in the supine position. Heart rate variability (HRV) was analyzed by linear (rMSSD, SDNN, LF, HF, LFnu, HFnu, and LF/HF) and nonlinear methods (Shannon entropy, SE; symbolic analyses, 0 V%, 1 V%, 2LV%, and 2UV%) at baseline and after 16 weeks. The multivariate analysis of covariance was used to analyze the effects of exercise on HRV indexes, adjusted for changes in BMI, fasting insulin, and testosterone level. RESULTS: The exercise group increased parasympathetic modulation (rMSSD, HF, HFnu, 2UV%; (p<0.05)) and decreased sympathetic modulation (LF, LFnu, 0 V%; (p<0.05)) independently of changes in BMI, fasting insulin, and testosterone level. Moreover, the exercise group decreased resting HR and systolic blood pressure (p<0.05). All parameters remained unchanged in the control group. CONCLUSIONS: Aerobic exercise increased vagal modulation and decreased sympathetic modulation in women with PCOS. This finding reinforces the recommendations for exercise during the clinical management of these patients.",International journal of cardiology,2016,10.1016/j.ijcard.2015.09.031,Sá JC,9,Randomized Controlled Trial,"Journal Article; Randomized Controlled Trial; Research Support, Non-U.S. Gov't",Adolescent; Adult; Autonomic Nervous System; Body Mass Index; Exercise; Exercise Test; Female; Heart Conduction System; Heart Rate; Humans; Insulin; Obesity; Overweight; Oxygen Consumption; Polycystic Ovary Syndrome; Sedentary Behavior; Testosterone,2026-09-25T01:46:52+00:00
26187902,Cardiometabolic and reproductive benefits of early dietary energy restriction and voluntary exercise in an obese PCOS-prone rodent model.,"Polycystic ovary syndrome (PCOS) is one of the most common endocrine-metabolic disorders in women of reproductive age characterized by ovulatory dysfunction, hyperandrogenism and cardiometabolic risk. The overweight-obese PCOS phenotype appears to have exacerbated reproductive dysfunction and cardiometabolic risk. In overweight-obese adult women with PCOS, exercise and energy restricted diets have shown limited and inconsistent effects on both cardiometabolic indices and reproductive outcomes. We hypothesized that an early lifestyle intervention involving exercise and dietary energy restriction to prevent or reduce the propensity for adiposity would modulate reproductive indices and cardiometabolic risk in an obese PCOS-prone rodent model. Weanling obese PCOS-prone and Lean-Control JCR:LA-cp rodents were given a chow diet ad libitum or an energy-restricted diet combined with or without voluntary exercise (4 h/day) for 8 weeks. Dietary energy restriction and exercise lowered total body weight gain and body fat mass by 30% compared to free-fed sedentary or exercising obese PCOS-prone animals (P<0.01). Energy restriction induced an increase in exercise intensity compared to free-feeding plus exercise conditions. Energy restriction and exercise decreased fasting plasma triglycerides and apoB48 concentrations in obese PCOS-prone animals compared to free-fed and exercise or sedentary groups. The energy restriction and exercise combination in obese PCOS-prone animals significantly increased plasma sex-hormone binding globulin, hypothalamic cocaine-and amphetamine-regulated transcript (CART) and Kisspeptin mRNA expression to levels of the Lean-Control group, and this was further associated with improvements in estrous cyclicity. The combination of exercise and dietary energy restriction when initiated in early life exerts beneficial effects on cardiometabolic and reproductive indices in an obese PCOS-prone rodent model, and this may be associated with normalization of the hypothalamic neuropeptides, Kisspeptin and CART.",The Journal of endocrinology,2015,10.1530/JOE-14-0711,Diane A,6,Other,"Journal Article; Research Support, Non-U.S. Gov't","Adipose Tissue; Animals; Body Weight; Caloric Restriction; Diet; Disease Models, Animal; Female; Insulin Resistance; Life Style; Obesity; Physical Conditioning, Animal; Polycystic Ovary Syndrome; Rats",2026-09-25T01:46:52+00:00
25430596,Dietary habits in adolescent girls with polycystic ovarian syndrome.,"The phenotype of polycystic ovarian syndrome (PCOS) is known to worsen with weight gain, increased ingestion of carbohydrates and a sedentary lifestyle. The purpose of this study was to assess the dietary habits in a group of adolescent girls with PCOS. Adolescents with PCOS were recruited and asked to complete a questionnaire on their eating habits and a recall dietary diary, from which their caloric and macronutrient intake was calculated. Results were compared with those from a group of normal controls. Thirty-five women with PCOS and 46 controls were included. Girls with PCOS were less likely to have cereals for breakfast (20.7 versus 66.7%) and as a result consumed less fibre than controls. They were more likely to eat an evening meal (97.1 versus 78.3%) and eat this over an hour later when compared to controls. Despite having comparable body mass indexes, girls with PCOS ate a daily surplus calorie average of 3% versus controls that had a negative calorie intake of 0.72% (p = 0.047). Ameliorating eating habits early in adolescence in girls with PCOS may improve future metabolic concerns related to a genetic predisposition and worsened by an unhealthy lifestyle.",Gynecological endocrinology : the official journal of the International Society of Gynecological Endocrinology,2015,10.3109/09513590.2014.984677,Eleftheriadou M,5,Other,Journal Article,"Adolescent; Adolescent Nutritional Physiological Phenomena; Diet; Diet Surveys; Dietary Sucrose; Energy Intake; Feeding Behavior; Female; Food Preferences; Glucose Metabolism Disorders; Greece; Humans; Nutrition Policy; Outpatient Clinics, Hospital; Patient Compliance; Polycystic Ovary Syndrome; Referral and Consultation; Risk Factors; Tertiary Care Centers",2026-09-25T01:46:52+00:00
24905232,The characterization of obese polycystic ovary syndrome rat model suitable for exercise intervention.,"OBJECTIVE: To develop a new polycystic ovary syndrome (PCOS) rat model suitable for exercise intervention. METHOD: Thirty six rats were randomly divided into three experimental groups: PCOS rats with high-fat diet (PF, n = 24), PCOS rats with ordinary diet (PO, n = 6), and control rats with ordinary diet (CO, n = 6). Two kinds of PCOS rat model were made by adjustment diet structure and testosterone injection for 28 days. After a successful animal model, PF model rats were randomly assigned to three groups: exercise with a continuation of high-fat diet (PF-EF, n = 6), sedentary with a continuation of high-fat diet (PF-SF, n = 6), exercise with an ordinary diet (PF-EO, n = 6). Fasting blood glucose (FBG) and insulin (FINS), estrogen (E2), progesterone (P), and testosterone (T) in serum were determined by RIA, and ovarian morphology was evaluated by Image-Pro plus 6.0. RESULTS: Body weight, Lee index, FINS increased significantly in PF rat model. Serum levels of E2 and T were significantly higher in PF and PO than in CO. Ovary organ index and ovarian areas were significant lower in PF than in CO. After intervention for 2 weeks, the levels of 1 h postprandial blood glucose (PBG1), 2 h postprandial blood glucose (PBG2), FINS and the serum levels of T decreased significantly in PF-EF rats and PF-EO rats. The ratio of FBG/FINS was significant higher in PF-EO rats than in PF-SF rats. Ovarian morphology showed that the numbers of preantral follicles and atretic follicles decreased significantly, and the numbers of antral follicles and corpora lutea increased significantly in the rats of PF-EF and PF-EO. CONCLUSION: By combination of high-fat diet and testosterone injection, the obese PCOS rat model is conformable with the lifestyle habits of fatty foods and insufficient exercise, and has metabolic and reproductive characteristics of human PCOS. This model can be applied to study exercise intervention.",PloS one,2014,10.1371/journal.pone.0099155,Wu C,4,Other,"Journal Article; Research Support, Non-U.S. Gov't","Animals; Dietary Fats; Disease Models, Animal; Female; Humans; Ovary; Physical Conditioning, Animal; Polycystic Ovary Syndrome; Rats; Rats, Wistar; Testosterone",2026-09-25T01:46:52+00:00
24552422,Metabolic syndrome and polycystic ovary syndrome: an intriguing overlapping.,"Metabolic syndrome is an increasing pathology in adults and in children, due to a parallel rise of obesity. Sedentary lifestyle, food habits, cultural influences and also a genetic predisposition can cause dyslipidemia, hypertension, abdominal obesity and insulin resistance which are the two main features of metabolic syndrome. Polycystic ovary syndrome (PCOS) is a condition directly associated with obesity, insulin resistance (HOMA index) and metabolic syndrome, and it is very interesting for its relationship and overlap with the metabolic syndrome. The relationship between the two syndromes is mutual: PCOS women have a higher prevalence of metabolic syndrome and also women with metabolic syndrome commonly present the reproductive/endocrine trait of PCOS. Prevention and treatment of metabolic syndrome and PCOS are similar for various aspects. It is necessary to treat excess adiposity and insulin resistance, with the overall goals of preventing cardiovascular disease and type 2 diabetes and improving reproductive failure in young women with PCOS. First of all, lifestyle changes, then pharmacological therapy, bariatric surgery and laparoscopic ovarian surgery represent the pillars for PCOS treatment.",Gynecological endocrinology : the official journal of the International Society of Gynecological Endocrinology,2014,10.3109/09513590.2014.887673,Caserta D,6,Review,Journal Article; Review,"Adiposity; Combined Modality Therapy; Female; Humans; Insulin Resistance; Life Style; Metabolic Syndrome; Models, Biological; Obesity; Polycystic Ovary Syndrome; Theca Cells",2026-09-25T01:46:52+00:00
23771201,"The contribution of diet, physical activity and sedentary behaviour to body mass index in women with and without polycystic ovary syndrome.","STUDY QUESTION: What is the contribution of diet, physical activity and sedentary behaviour to body mass index (BMI) in women with and without polycystic ovary syndrome (PCOS)? SUMMARY ANSWER: PCOS status, higher energy intake and glycaemic index and lower physical activity were independently associated with BMI. WHAT IS KNOWN ALREADY: Obesity worsens the clinical features of PCOS and women with PCOS have an elevated prevalence of overweight and obesity. It is not known whether there is a contribution of lifestyle factors such as dietary intake, physical activity or sedentary behaviour to the elevated prevalence of obesity in PCOS. STUDY DESIGN, SIZE, DURATION: This study is a population-based observational study with data currently collected at 13 year follow-up. The study commenced in 1996. For this analysis, data are analysed at one time point corresponding to the Survey 5 of the cohort in 2009. At this time 8200 participants remained (58% retention of baseline participants) of which 7466 replied to the questionnaire; 409 self-reported a diagnosis of PCOS and 7057 no diagnosis of PCOS. PARTICIPANTS/MATERIALS, SETTING, METHODS: Australian women born in 1973-1978 from the Australian Longitudinal Study on Women's Health. MAIN RESULTS AND THE ROLE OF CHANCE: Mean BMI was higher in women with PCOS compared with non-PCOS (29.3 ± 7.5 versus 25.6 ± 5.8 kg/m(2), P < 0.001). Women with PCOS reported a better dietary intake (elevated diet quality and micronutrient intake and lower saturated fat and glycaemic index intake) but increased energy intake, increased sitting time and no differences in total physical activity compared with non-PCOS. PCOS status, higher energy intake and glycaemic index and lower physical activity, as well as age, smoking, alcohol intake, occupation, education and country of birth, were independently associated with BMI. LIMITATIONS, REASONS FOR CAUTION: The weaknesses of this study include the self-reported diagnosis of PCOS, and the women not reporting PCOS not having their control status clinically verified which is likely to underrepresent the PCOS population. We are also unable to determine if lifestyle behaviours contributed to the PCOS diagnosis or were altered in response to diagnosis. WIDER IMPLICATIONS OF THE FINDINGS: The strengths of this study include the community-based nature of the sample which minimizes selection bias to include women with a variety of clinical presentations. These results are therefore generalizable to a broader population than the majority of research in PCOS examining this research question which are performed in clinic-based populations. This study is in agreement with the literature that PCOS is independently associated with elevated BMI. We provide new insights that diet quality is subtly improved but that sedentary behaviour is elevated in PCOS and that PCOS status, higher energy intake and glycaemic index and lower physical activity are independently associated with BMI. STUDY FUNDING/COMPETING INTEREST(S): L.J.M. was supported by a South Australian Cardiovascular Research Development Program (SACVRDP) Fellowship (AC11S374); a program collaboratively funded by the National Heart Foundation of Australia, the South Australian Department of Health and the South Australian Health and Medical Research Institute, S.A.M. was funded by an Australian Research Council Future Fellowship (FT100100581), S.Z. was funded by a Heart Foundation Career Development Fellowship (ID CR10S5330) and H.J.T. was funded by an NHMRC fellowship (ID 545888). None of the authors has any conflict of interest to declare. TRIAL REGISTRATION NUMBER: Not applicable.","Human reproduction (Oxford, England)",2013,10.1093/humrep/det256,Moran LJ,6,Observational Study,"Journal Article; Observational Study; Research Support, Non-U.S. Gov't",Adult; Body Mass Index; Diet; Female; Humans; Motor Activity; Obesity; Polycystic Ovary Syndrome; Sedentary Behavior,2026-09-25T01:46:52+00:00
23237575,Effects of exercise and group counselling on body composition and VO2max in overweight women with polycystic ovary syndrome.,"BACKGROUND: Polycystic ovary syndrome (PCOS) is often associated with an increased waist circumference and with lower cardio-respiratory fitness as a consequence of obesity, which may be improved by physical activity. OBJECTIVE: To investigate the effect of high-intensity aerobic training combined with group counselling sessions on anthropometry and cardio-respiratory fitness in women with PCOS. DESIGN: Seventeen sedentary, overweight women with PCOS were randomized in a cross-over design to 16 weeks of intervention: eight weeks high-intensity aerobic exercise was followed by eight weeks of group counselling (n = 8) or vice versa (n = 9). Fourteen of the women completed the tests. MAIN OUTCOME MEASURES: Waist circumference, body mass index and maximal aerobic capacity (VO(2max) ) were measured at baseline, cross-over and post-intervention. RESULTS: There was a decrease in waist circumference (119.9 vs. 106.5 cm) and body mass index (34.9 vs. 34.4 kg/m(2) ) and an increase in VO(2max) (2554.9 vs. 2807.9 mL/min) during the intervention period (t = 16 weeks, n = 14), all p < 0.05. Weight loss tended to be highest in the group which started with group counselling (2.9 vs. 0.6 kg, t = 16 weeks, n = 14, p = 0.055). CONCLUSION: Exercise in groups followed by counselling or vice versa had beneficial effects on waist circumference, weight, and VO(2max) in women with PCOS. Future studies should examine possible beneficial effects of combined group counselling and exercise on weight loss and adherence to exercise protocols among women with PCOS.",Acta obstetricia et gynecologica Scandinavica,2013,10.1111/aogs.12064,Roessler KK,5,Randomized Controlled Trial,Journal Article; Randomized Controlled Trial,"Adult; Analysis of Variance; Body Composition; Body Mass Index; Combined Modality Therapy; Counseling; Cross-Over Studies; Exercise Therapy; Female; Health Behavior; Humans; Obesity; Oxygen Consumption; Polycystic Ovary Syndrome; Statistics, Nonparametric; Waist Circumference; Weight Loss",2026-09-25T01:46:52+00:00
22260889,Exercise and sedentary habits among adolescents with PCOS.,"STUDY OBJECTIVE: The purpose of this study was the recording of physical activity and sedentary habits of adolescents with polycystic ovarian syndrome (PCOS). METHODS: We performed a structured interview to assess the level of physical activity and sedentary habits of girls with PCOS. We used a group of healthy adolescents as controls. All girls had their age, height, weight, hip and waist circumference measured and their BMI calculated. RESULTS: 81 girls (35 with PCOS and 46 controls) participated in the study. Girls with PCOS engaged in physical activities less than controls. Even when they did, the frequency and intensity of exercise was less. Also, girls with PCOS were less likely to be aware of the positive effects of exercise on their health. Girls in both groups were sedentary in excess of the 4 hours per day limit, which has been linked with obesity. CONCLUSION: Healthy teenagers were involved in a sporting activity more often and more frequently than the PCOS group. Athletic and sedentary habits of adolescents with PCOS may interact with other factors leading to obesity.",Journal of pediatric and adolescent gynecology,2012,10.1016/j.jpag.2011.11.009,Eleftheriadou M,6,Other,Journal Article,Adolescent; Body Mass Index; Case-Control Studies; Exercise; Female; Humans; Interviews as Topic; Obesity; Polycystic Ovary Syndrome; Sedentary Behavior; Sports; Surveys and Questionnaires,2026-09-25T01:46:52+00:00
19204602,Effects of exercise on lipoprotein particles in women with polycystic ovary syndrome.,"PURPOSE: Women with polycystic ovary syndrome (PCOS) commonly have insulin resistance. Insulin resistance is associated with marked abnormalities of lipoprotein size and subclass particle concentration. The purpose of this study was to examine the effects of a moderate-intensity exercise program without weight loss on lipoprotein profiles in women with PCOS. METHODS: Thirty-seven sedentary PCOS women were randomized to either an 8- to 12-wk ramp-up followed by a 12-wk moderate-intensity exercise program (16-24 wk total, approximately 228 min x wk at 40-60% peak V x O2, n = 21) or control (no change in lifestyle, n = 16). PCOS was defined as <or=8 menses per year and hyperandrogenism (biochemical or clinical with Ferriman-Gallwey score >or=8). Fasting lipoprotein profiles were obtained before and after the intervention. Nuclear magnetic resonance spectroscopy was used to quantify the following: average particle size, total and subclass concentrations of HDL, LDL, and VLDL particles, and calculated HDL cholesterol, triglycerides, and VLDL triglycerides. Wilcoxon exact rank sums tests were used to compare changes in these parameters in the exercise group relative to controls. RESULTS: Twenty women (8 exercisers, 12 controls) completed the study. Comparing exercisers to controls, significant changes were seen in concentrations of the following lipoprotein parameters that are associated with decreased insulin resistance: decreased large VLDL (P = 0.007), calculated triglycerides (P = 0.003), VLDL triglycerides (P = 0.003), and medium/small HDL (P = 0.031) and increased large HDL (P = 0.002) and average HDL size (P = 0.001). CONCLUSIONS: In this trial, moderate-intensity exercise without significant weight loss improved several components of the lipoprotein profiles of women with PCOS. These findings support the beneficial role of moderate exercise in this high-risk population.",Medicine and science in sports and exercise,2009,10.1249/MSS.0b013e31818c6c0c,Brown AJ,7,Randomized Controlled Trial,"Journal Article; Randomized Controlled Trial; Research Support, N.I.H., Extramural","Adult; Exercise; Female; Humans; Lipoproteins, HDL; Lipoproteins, VLDL; Magnetic Resonance Spectroscopy; Oxygen Consumption; Particle Size; Polycystic Ovary Syndrome; Triglycerides",2026-09-25T01:46:52+00:00
16337616,Genomic variants in polycystic ovary syndrome.,"The polycystic ovary syndrome (PCOS) is a common disorder in premenopausal women, characterized by the presence, among other traits, of hyperandrogenism, insulin resistance, and hyperinsulinism. The familial aggregation of PCOS lead the interest to the molecular genetic basis of this syndrome, especially to the genes encoding proteins involved in androgen synthesis and the regulation of insulin synthesis and action. Considering the relationship between insulin resistance and chronic inflammation, and the clustering of inflammatory markers in PCOS patients, recent studies focused on the involvement of proinflammatory genotypes on the pathogenesis of PCOS. Mounting evidence suggest at present a complex model of inheritance for PCOS, in which predisposing and protecting genomic variants interact with environmental factors such as obesity and a sedentary lifestyle, finally leading to the classic phenotype of this syndrome. Moreover, the association of hyperandrogenism, insulin resistance and chronic inflammation raised the possibility of an increase risk of cardiovascular disease in women suffering from PCOS. In the present review we will summarize the most important findings published to date regarding the molecular genetic mechanisms underlying the association of PCOS with insulin resistance and chronic inflammation, and the possible interaction of these mechanisms with environmental factors.",Clinica chimica acta; international journal of clinical chemistry,2006,10.1016/j.cca.2005.10.017,Luque-Ramírez M,3,Review,"Journal Article; Research Support, Non-U.S. Gov't; Review","Female; Genetic Predisposition to Disease; Genetic Variation; Genotype; Humans; Insulin Resistance; Models, Biological; Phenotype; Polycystic Ovary Syndrome",2026-09-25T01:46:52+00:00
12092688,Type 2 diabetes mellitus in children and youth: a new epidemic.,"Type 2 diabetes mellitus (DM) has been described as a new epidemic affecting the American pediatric population. This is coincident with an overall 33% increase in DM prevalence documented during the last decade. In 1992, type 2 DM was a rare occurrence in most pediatric centers. By 1994, it represented up to 16% of new cases in urban areas, and by 1999, the incidence of new type 2 DM diagnoses ranged between 8% and 45%, depending on geographic location. These patients have been observed primarily in African American, Mexican American, Native American, and Asian American children and youth. As in the adult population, type 2 DM in children and youth occurs as a result of insulin resistance coupled with relative beta-cell failure. While there appears to be a host of potential genetic and environmental risk factors for these aberrations, perhaps the most significant risk factor is obesity. Other risk factors include a family history of type 2 DM, puberty, intrauterine exposure to DM, sedentary lifestyle, female gender, and certain ethnicities. To date, few studies have addressed the role of physical activity and nutrition counseling in improving glycemic outcome, the most effective ways to reduce cardiovascular risk, or the most effective treatment regimens for this population. Once type 2 DM is established, the persistence of obesity often interferes with the response to treatment and exacerbates the comorbidities of hypertension, dyslipidemia, atherosclerosis, and polycystic ovarian syndrome (PCOS). Since fewer than 10% of youth with type 2 DM can be treated with diet and exercise alone, pharmacological intervention is generally required to achieve normoglycemic targets. In most surveys, practitioners prescribe insulin or an oral agent, most often metformin. Specific treatment algorithms for pediatric patients with type 2 DM need to be rigorously investigated.",Journal of pediatric endocrinology & metabolism : JPEM,2002,10.1515/JPEM.2002.15.s2.737,Kaufman FR,1,Review,Journal Article; Review,"Adolescent; Child; Diabetes Mellitus, Type 2; Disease Progression; Humans; United States",2026-09-25T01:46:52+00:00
